Pincode,Latitude,Longitude
515004,14.7299599,77.57340479999999
127030,28.6127957,75.96954649999999
632514,13.1282466,79.2845772
131029,28.8976429,77.09098089999999
246125,30.1740583,78.7731227
132040,29.5553521,76.8144298
855106,26.5371035,88.1388989
854333,26.2806778,87.55936129999999
632515,12.9909382,79.2620294
854102,25.8947332,87.12233619999999
133102,30.2463357,76.90668289999999
852101,25.7504764,87.0024407
212207,25.5261065,81.36194019999999
680553,10.5513403,76.1638823
125037,28.9531185,75.841775
231213,24.6124891,83.2934086
851130,25.5365377,86.19043239999999
847407,26.2015772,86.2237997
132046,29.51071,76.7105632
855102,25.5424414,87.9824758
854331,26.3258222,87.4405786
123035,28.3711702,76.6297189
127025,28.755358,76.3521514
533251,16.4130149,81.7294702
131022,28.9711464,76.90668289999999
246001,30.1283038,78.8042828
132023,29.7650496,77.09098089999999
855115,26.3340163,87.9530849
854338,26.3322087,87.15226299999999
123023,27.8893483,76.0623979
854115,25.557859,87.45048880000002
854107,25.5164108,87.62604209999999
206251,26.8509089,79.63898209999999
852109,26.230698,86.8119917
635123,12.3182711,78.33301569999999
685535,9.6519628,77.1197521
125005,29.125413,75.7487779
231219,24.4263387,82.8425216
851135,25.4595335,86.1853474
851203,25.3167671,86.6409554
208002,26.5019377,80.3101684
802312,25.5515192,84.59557319999999
723129,22.8208241,86.5400674
723128,23.1773356,86.51986509999999
723127,23.1027859,86.3782198
723126,23.4636632,86.5602614
723121,23.4671204,86.72151749999999
682312,9.9287619,76.3926668
632312,12.7235265,79.10404319999999
623120,9.1907523,78.41834659999999
532312,19.1000863,84.7002041
522312,16.1221183,80.6271415
502312,17.8313064,78.8042828
412312,18.1393341,74.0711359
342312,26.9695646,72.99329689999999
332312,27.7190087,74.89749250000001
231226,24.3287266,83.2934086
231225,24.2392471,82.8855961
231224,24.1796987,82.7508963
231223,23.9386454,83.03613759999999
231222,24.101569,82.723924
231205,24.5269295,82.9716617
182312,33.11769900000001,74.8390162
822102,23.97337,84.15406589999999
822101,24.0420432,84.0907246
802210,25.4799051,84.5746243
732210,24.7246688,87.9922684
722102,23.2773076,87.0474368
722101,23.2004285,87.0724164
622104,10.3856573,78.713608
622103,10.4561172,78.67391169999999
622102,10.5266109,78.6341996
622101,10.4855987,78.72494689999999
582210,15.0617113,75.46942849999999
522102,15.8842051,80.4409967
522101,15.8770891,80.47714719999999
502210,17.5775656,77.6879696
422210,19.960531,74.10050439999999
422105,19.9716093,73.9065883
422104,19.8344325,74.24140919999999
422103,19.7415909,73.98300290000002
422102,19.9118075,73.94773839999999
422101,19.9713575,73.8338196
412210,18.6943829,74.42911350000001
392210,21.8396931,73.0995528
382210,22.9260246,72.4849861
222109,25.8161749,82.57268049999999
222105,25.6793745,82.65914649999999
221011,25.2391043,82.9725811
221010,25.3036473,82.9850994
221009,25.2751543,83.0683519
221008,25.2967147,83.025396
221007,25.3674525,83.025396
221006,25.4590997,82.8479074
221005,25.2710954,82.98241209999999
221004,25.2905771,82.95822129999999
221003,25.3643845,82.9609096
221002,25.3356842,82.97703709999999
221001,25.3254276,83.0092803
192210,33.6840791,75.1662121
762012,20.4573588,84.4592701
752012,19.9121454,85.7974141
682012,10.0086931,76.2797715
632012,12.9319571,79.1407421
492012,21.2351518,81.7021049
452012,22.6574006,75.8359645
422012,19.9871605,73.7168927
392012,21.724939,72.88699299999999
342012,26.1506222,72.9342451
302012,26.9556924,75.6882696
201206,28.809969,77.4931403
201204,28.8497207,77.55047789999999
201201,28.8561191,77.6192447
722132,23.3179097,86.9924358
572213,13.1250075,76.90668289999999
532213,18.7494827,84.0695961
522213,16.2411599,80.5549561
422213,19.9631087,73.6300729
412213,18.2230692,73.77132
382213,22.9179686,72.4139787
322213,26.8012127,76.7105632
222139,25.926962,82.669947
222138,25.6994653,82.70773539999999
802213,25.1858688,83.99558789999999
742213,24.4769806,88.1193763
722139,23.2691623,86.9323627
722138,23.0044493,87.4405786
722137,23.3752459,86.8822445
722136,23.1848941,86.8822445
851211,25.4500427,86.2767995
851210,25.43212,86.0427626
847308,26.5358616,85.83838569999999
847307,26.2797039,85.7410262
382345,23.0581151,72.6373199
502345,17.739585,77.85959629999999
205262,27.2497554,79.2225576
212620,25.7313155,80.8765205
212621,25.769811,80.7436141
212622,25.8334322,81.0092062
226201,26.9621212,80.9097127
226202,27.0059295,80.86545339999999
262724,28.1237526,81.0533854
262725,27.8245282,80.7436141
262726,28.0221647,80.92077370000001
262727,27.8094137,80.5216184
262728,27.8857227,80.9650023
262801,28.1713071,80.38813329999999
262802,28.0384381,80.47714719999999
365640,21.2428424,70.9309024
365645,21.367336,70.91901320000001
415640,17.8352309,73.4062342
415641,17.318434,73.3944466
415643,16.7802413,73.6653939
854332,26.3856861,87.4901086
456440,23.5337525,75.55096019999999
456441,23.6145154,75.667356
456443,23.4537409,75.6906241
515641,14.4396358,77.4931403
679564,10.6743397,75.9666439
680564,10.4107636,76.1493891
686564,9.6442061,76.6354952
695564,8.5753702,76.99310740000001
785640,26.9856312,94.6398693
194103,34.5292447,75.94632399999999
110001,28.6327426,77.2195969
121001,28.3899664,77.2979782
124001,28.9034473,76.5719414
126101,29.1176923,76.4331698
127021,28.7693181,76.1551866
383251,23.6898879,73.4415929
131001,28.9905081,76.9873477
206246,26.5928949,79.61652099999999
132001,29.6386837,77.0794705
855117,26.3843668,88.1876676
854340,26.4580517,86.96240859999999
123001,28.0318168,76.1088001
854117,25.4320175,87.7172616
854109,25.5773753,87.5544182
133001,30.377589,76.860565
852111,26.2850013,86.8671989
805123,24.9685043,85.55091639999999
691553,9.1060419,76.6788091
125001,29.049537,75.5742467
231221,24.2030939,82.9985343
851202,25.4485441,86.7114545
851205,25.5506151,86.51986509999999
203002,28.3518547,77.8195739
202282,28.0833613,78.2362225
110004,28.6141527,77.1959622
121004,28.2919383,77.355413
124022,28.8767484,76.4215988
126111,29.4823276,76.4331698
127026,28.5918445,76.097201
632510,13.08707,79.5266211
131023,28.9043194,77.1600201
246113,30.0331832,78.7589558
132024,29.7429761,76.7567368
855114,25.5734587,87.67783779999999
854337,25.6662001,87.55936129999999
123024,28.3840617,75.96954649999999
854114,25.6260125,87.29167129999999
854106,25.5348702,87.4901086
133006,30.3369789,76.90668289999999
852108,26.2534026,86.7718017
515123,14.1176235,77.4472495
685533,9.580895199999999,77.1139984
125006,29.110152,75.8185314
231218,24.158097,82.79402970000001
851134,25.4156008,86.0886366
847411,26.3135372,86.32753509999999
110005,28.6556793,77.1874601
121005,28.3700239,77.2692503
124102,28.6713694,76.6528225
126112,29.4102094,76.6181655
127027,28.8600923,76.2594981
632511,12.8352973,79.4816378
131024,29.08317,76.8836261
246121,29.9453863,78.4069732
132036,29.615757,76.8490328
855113,25.5758611,87.8353278
854336,26.3789972,87.1323139
123027,28.4075559,76.2178127
854113,25.3243492,87.6482474
854105,25.5118674,87.5296943
852107,25.8291896,86.8119917
285123,26.1704792,79.4253776
685532,9.501652499999999,77.03341790000002
125007,29.1235418,75.7051647
231217,24.2565536,83.0039075
851133,25.5481531,85.9611082
847410,26.2191867,86.32753509999999
134107,30.7417398,76.8836261
110006,28.6610779,77.2345881
121006,28.3733754,77.335314
124103,28.5877565,76.6181655
126113,29.3096168,76.5257007
127028,28.6695395,75.6440842
632512,12.8043862,79.27894069999999
131027,29.0600389,77.1139984
246123,30.1456476,79.0079949
132037,29.6170352,76.9758274
855108,26.1375624,87.8402405
854335,26.2718183,87.0824045
123028,28.2152749,76.1088001
854112,25.3024876,87.7664934
854104,25.520064,87.32149079999999
852106,25.7860974,86.4794359
225123,26.9625292,81.1912849
685531,9.57568,76.9758274
125011,29.2316435,75.6659016
231216,24.7199416,83.05761559999999
851132,25.5503738,86.0427626
847409,26.387829,86.4693235
134108,30.6923542,76.8562405
133101,30.2736618,76.9527836
110007,28.6785828,77.19158399999999
121007,28.3889884,77.3180836
124104,28.5969602,76.7105632
126114,29.2041673,76.3868797
127029,28.6943882,75.8766333
632513,12.9224615,79.391605
131028,28.86769869999999,77.1481919
246124,29.8616511,78.62285039999999
132039,29.5217315,76.5950555
855107,26.1912159,87.8746146
854334,26.0613026,87.1821709
123029,28.4097573,76.1745133
466554,22.8329647,77.7223162
854103,25.4888505,87.5692461
852105,26.3112514,86.72151749999999
175123,31.69464799999999,77.5160788
682553,10.8743612,72.2023262
125033,29.0643749,75.92309759999999
231215,24.7118865,82.8855961
851131,25.4815948,86.1242881
847408,26.1609687,86.357952
134109,30.7039849,76.9009191
133103,30.1934611,77.17152279999999
110009,28.7108654,77.20314929999999
121009,28.4870386,77.2922332
124106,28.5817556,76.4447397
126116,29.6756695,76.1088001
127031,28.8606871,76.1551866
246127,29.8120278,78.57744079999999
132041,29.8662899,77.0794705
855105,25.7166724,87.7566513
123034,28.2753857,76.247912
851218,25.3883605,86.4136687
854101,25.4184596,87.60876379999999
679553,10.8376005,76.047894
125038,29.1849219,76.2015572
231212,24.0656177,83.2291862
851129,25.30703,86.2361744
847405,26.1237647,86.28695069999999
134113,30.6786134,76.84614959999999
110010,28.5929297,77.1218197
121010,28.4666747,77.28936060000001
124107,28.7629253,76.6528225
126125,29.4625469,76.3521514
127032,28.94228499999999,76.0623979
632516,13.0325989,79.1717839
131039,29.0784242,77.067959
110008,28.6482162,77.1640718
852218,26.1594453,86.7919009
133104,30.323633,76.9988669
851217,25.4409867,86.3883506
678553,10.713284,76.7855866
125039,29.3118514,76.1088001
231211,24.9447939,82.34518899999999
851128,25.626882,85.92278840000002
847404,26.2357109,86.2818753
134114,30.7193224,76.857682
133201,30.2222932,77.0622028
110011,28.604077,77.2116108
121012,28.4207405,77.28936060000001
124108,28.4548686,76.6643728
126152,29.5294636,76.01598
127035,28.9731855,75.92309759999999
632517,12.9159732,79.233837
131101,29.1424931,77.0219019
121008,28.4349347,77.3180836
132054,29.8856172,77.1600201
855101,26.3543845,87.7369607
852217,25.7582715,86.8119917
125054,29.5659239,75.2128996
851216,25.3073992,86.7516942
122108,27.9394584,77.03341790000002
676553,10.9396777,76.0507949
125042,29.093728,76.2015572
231210,24.7733895,82.6915429
851127,25.5283593,86.1039189
847403,26.3507028,86.39847929999999
134116,30.6475006,76.9009191
133202,30.2444703,77.1139984
110012,28.6282145,77.1493904
121013,28.4868329,77.3351855
124109,28.4410263,76.5257007
854330,25.8900514,87.50990569999999
127040,28.8770077,75.8766333
632518,12.7200674,79.4366324
131102,29.1105776,76.9297354
124105,28.5270089,76.8144298
132101,29.2647223,76.9873477
387610,23.0378305,72.9696779
852216,25.8675746,86.4288534
125055,29.4305507,74.92087719999999
851215,25.5602597,86.4288534
122413,28.3043458,76.8836261
125044,29.0670836,75.841775
231209,24.6111354,83.0039075
851126,25.3890804,86.2056843
847402,26.2694115,86.4490926
134117,30.6666448,76.8533575
110013,28.5891197,77.2568426
124111,28.9759872,76.3868797
854329,26.1522862,87.6482474
127041,28.9874453,76.16678069999999
632519,12.9840876,79.233837
131103,28.8680369,77.0219019
126115,29.4581763,76.2015572
132102,29.20701549999999,77.03917539999999
387620,23.0072222,73.111356
133203,30.2516988,77.01614359999999
852215,26.4082946,86.8421125
206121,26.558635,79.3127543
211016,25.4164238,81.806039
193222,34.6788449,74.35874729999999
122414,28.2701202,76.76827750000001
203202,28.4136233,77.67651839999999
193221,34.3948912,74.1709702
208004,26.4418399,80.37143259999999
206120,26.6609238,79.27894069999999
211015,25.4404252,81.7882712
125047,29.3579842,75.6906241
231208,24.127938,83.03613759999999
851120,25.5465218,86.00960599999999
847401,26.3832332,86.28695069999999
134118,30.5430431,76.9297354
133204,30.42477209999999,77.2175223
110014,28.5792764,77.2584768
121015,41.0817102,121.1188846
124112,29.0121012,76.29425069999999
854328,26.3641103,87.2767544
127042,28.7253625,76.2826675
743251,23.1637722,88.8455037
131301,29.1001866,76.7105632
133005,30.366075,76.88650849999999
132103,29.4107176,77.0794705
387630,22.8891385,72.9814877
208005,26.4692427,80.30181069999999
206123,26.9243194,79.2225576
852214,26.1169465,87.01244349999999
208006,26.4480011,80.3115612
125058,29.45781809999999,75.2595731
854327,25.9609648,87.50990569999999
127043,28.7708381,75.737149
206124,26.6756017,79.1661407
131302,29.2128929,76.583499
110003,28.5916468,77.2317863
132104,29.3319733,77.09098089999999
387635,22.9698208,72.9283391
852213,25.5114195,86.8822445
205304,27.1065177,79.3240228
203129,28.2122609,77.99670429999999
194103,34.5292447,75.94632399999999
125060,29.56797109999999,75.1311874
505326,18.8316339,78.713608
110015,28.6589251,77.1457614
121101,28.3799037,77.4357739
124113,28.8058176,76.39845369999999
781028,26.1218063,91.8001488
770019,21.9757371,84.0484601
131408,28.9620217,76.8144298
332027,27.6581211,75.2829046
132114,29.5384407,76.9873477
847233,26.1184032,86.0835415
203002,28.3518547,77.8195739
194102,34.3983038,75.5742467
500010,17.5170626,78.5149691
852138,26.2140772,86.6006249
127308,28.5213393,75.96954649999999
205303,27.0208196,79.2676668
133205,30.187597,76.9988669
122503,28.3308988,76.8028933
421004,19.2125994,73.1615127
125049,29.2060108,75.96954649999999
231206,24.5801458,83.1005505
851117,25.4132493,86.1115583
425104,21.059286,75.35287790000001
206249,26.7659919,79.4366324
770011,22.0898416,83.9214896
794115,25.4259627,89.9626799
827009,23.7040683,86.16500239999999
845451,26.9456749,84.41726659999999
846006,26.1535794,85.8639766
828108,23.7173367,86.47438
828123,23.6814514,86.4642666
828116,23.7744236,86.3731536
845449,26.9505907,84.54318669999999
795015,25.4276446,94.12067479999999
781012,26.120509,91.66149469999999
781020,26.1893893,91.8269573
505327,18.8032852,78.9231667
110016,28.5471702,77.20027449999999
121102,28.1373319,77.4242972
124141,28.4882551,76.36951669999999
854326,25.8087847,87.5988876
127045,28.9508443,75.6091696
853205,25.3276762,87.1622344
131304,29.1271519,76.5257007
206250,26.7011435,79.5041322
132105,29.3799485,76.8836261
387640,22.9328325,73.17036279999999
206252,26.8915123,79.4028639
206248,26.7544084,79.59405439999999
852212,25.8463879,86.5299673
134101,30.7943073,76.9009191
125075,29.5590875,74.66346399999999
505122,18.2561189,79.4928857
122504,28.384868,76.76827750000001
421005,19.1953309,73.1615127
125050,29.4835524,75.3878525
422011,19.9943855,73.8095574
851116,25.4725508,86.0070547
425105,21.040476,75.27123929999999
212205,25.7472869,81.32893969999999
770012,22.1653348,83.7199136
795001,24.8139816,93.93939259999999
827010,23.6307438,86.0835415
845452,26.8484241,84.3331694
846007,26.1786227,85.9151211
828109,23.869145,86.6207943
828124,23.7592759,86.4895463
828117,23.7508942,86.38328539999999
846004,26.1515782,85.89722619999999
795101,24.3205279,93.87571190000001
781013,26.1412666,91.6542094
781021,26.1853722,91.7940582
505330,18.8619486,78.7306158
110017,28.5279118,77.20889869999999
121103,28.0446221,77.17152279999999
124142,28.4732693,76.3347838
854325,26.0568219,87.58900919999999
127046,28.8672817,75.5742467
853204,25.4689681,87.12233619999999
131305,29.1448311,76.8144298
134102,30.7511449,76.9758274
132106,29.3845333,76.9297354
387650,23.1457316,73.111356
852219,25.8737689,86.6913222
212204,25.7016354,81.3509416
852202,25.8237115,86.5703554
854312,26.0417621,87.4009165
125076,29.6262558,74.8507131
505129,18.3269453,79.39723459999999
122505,28.4317042,76.8951551
421101,19.3619227,73.1880618
125051,29.6753855,75.4810786
422013,20.0108995,73.7389596
851115,25.51599,85.9738752
425107,21.2183413,75.17788530000001
212206,25.4346837,81.40591859999999
770013,21.9966875,83.6561215
795002,24.8644097,93.9368439
827012,23.6522409,86.1115583
845453,26.9892665,84.3331694
846008,26.1633729,85.89722619999999
828110,23.7072091,86.4212616
828125,23.8074179,86.2615689
828119,23.6834394,86.4212616
847107,26.1309514,85.6948458
795102,24.0457013,93.9470396
781014,26.1531903,91.6444975
781022,26.1067034,91.8269573
505331,18.9611653,78.72494689999999
110018,28.6436082,77.08698369999999
121105,28.0241268,77.3209555
124146,28.4924909,76.4678766
854318,26.274957,87.2419299
127111,28.76741,76.02758589999999
853203,25.3810254,86.87221459999999
131306,29.21102419999999,76.79135579999999
208002,26.5019377,80.3101684
132107,29.2976701,76.745195
487661,22.9952773,78.6341996
208001,26.4870674,80.34915989999999
500007,17.4176446,78.5431066
852201,25.8897553,86.6157527
854311,26.1862386,87.55936129999999
125077,29.6823688,74.9442585
505152,18.4299896,79.4591378
122506,28.4330156,76.79135579999999
421102,19.269789,73.1880618
125052,29.2921019,75.50437610000002
422112,19.8553239,74.0887576
851114,25.5063509,85.94578369999999
425108,21.3197446,75.27123929999999
212502,25.614417,81.87706709999999
770014,22.3006033,84.16461629999999
795003,24.751961,93.9317468
827013,23.5988521,86.2361744
845454,26.8144641,84.6688348
846009,26.1558968,85.94578369999999
828111,23.7434428,86.4465631
828126,23.668641,86.4237923
828120,23.6576798,86.4642666
847108,26.4027843,86.6006249
795103,24.497174,93.9266502
781015,26.0449382,91.54992109999999
781023,26.1421435,91.8269573
505401,18.4029577,78.9853813
110019,28.5346916,77.2601742
121106,27.923692,77.355413
124201,28.7078796,76.5603828
854317,25.7189958,87.913867
127114,28.8672575,76.3289941
853202,25.3598435,86.9924358
131402,28.8899496,76.8951551
134104,30.8079506,76.9239727
132108,29.3251934,77.0219019
678762,10.9744848,76.4505243
207247,27.4783716,79.17742679999999
500008,17.3916498,78.4124191
852161,25.5561403,86.761749
854306,25.8156026,87.31155299999999
125078,29.6985189,75.0844757
505153,18.4571865,79.5266211
122508,27.8604325,77.17152279999999
421103,19.2528956,73.1615127
125053,29.3622408,75.3178952
422113,19.8624692,73.977126
851113,25.4950881,85.9662154
425109,20.9049434,75.3178952
731130,23.989674,87.31155299999999
770015,22.2928823,83.9532571
795004,24.8117516,93.9113634
827014,23.702037,86.0835415
845455,27.2271645,84.41726659999999
847101,26.0212084,85.9815339
828112,23.7175205,86.41746529999999
828127,23.8301157,86.4693235
828121,23.7974738,86.3427458
847109,26.3605701,86.0988253
795104,25.4793718,94.3770704
781016,26.1597487,91.748845
781024,26.1760086,91.7751828
505402,18.3989882,78.9175088
110020,28.5388479,77.2753728
121107,27.9824927,77.4931403
124202,28.7064497,76.4331698
854316,26.3337629,87.2319753
127201,28.5017208,75.78365889999999
853201,25.4175884,86.9223432
131403,28.9299326,76.9527836
134105,30.7482256,76.91345439999999
132113,29.4288777,76.8028933
847232,26.5722869,86.3072469
194101,34.3048942,77.4701972
500009,17.4605564,78.4950837
852139,26.1616367,86.8922723
854305,25.7807318,87.51237970000001
125101,29.7811731,74.5346103
505162,18.5212253,79.4141214
505325,18.8122758,78.5887951
421201,19.2116805,73.0907
332001,27.612348,75.17788530000001
422201,20.0274639,73.94773839999999
851112,25.5313963,85.99684789999999
425110,20.7992124,75.30623260000002
731132,23.9945714,87.60876379999999
770016,22.1840771,84.2278796
795005,24.8385476,94.01846610000001
827015,23.656584,86.1771777
845456,26.7592176,84.76289129999999
847102,26.3939164,85.81790389999999
828113,23.8496103,86.28695069999999
828128,23.7717742,86.2615689
505403,18.531369,78.78162189999999
110021,28.5883628,77.18590689999999
122001,28.4554726,77.0219019
124303,29.0121091,76.6297189
854315,25.9764921,87.7369607
127306,28.5912199,76.2015572
854304,25.853388,87.4405786
125102,29.3978643,74.64004320000001
505172,18.6606268,79.391605
505415,18.5539591,79.1661407
731101,23.8985373,87.5494745
332002,27.5155269,75.0260667
422202,20.3000835,73.77132
851111,25.5337746,85.8690933
425111,20.8420219,75.1311874
731133,23.7519125,87.31155299999999
770017,22.1005445,84.56414699999999
795006,24.3384203,93.68213630000001
827302,23.5441748,85.95089229999999
845457,26.5850698,85.1583064
847103,26.0256342,86.1446493
828114,23.8243762,86.2260131
828129,23.7079938,86.32753509999999
505404,18.2589668,78.72494689999999
110022,28.564058,77.1736968
122002,28.474679,77.1048978
124401,28.9299641,76.7221082
123101,28.1990591,76.514138
127307,28.65125489999999,76.3405733
852220,25.606061,86.8822445
131409,29.0134263,76.7567368
332028,27.5459188,74.88579890000001
132115,29.1971931,77.1139984
847234,26.3013513,86.0886366
500011,17.465975,78.4761359
852137,25.9798547,86.681253
854303,25.7467984,87.4306663
125103,29.7708703,74.7337069
505174,18.5817372,79.4478858
505416,18.7095559,79.2225576
731102,23.8509789,87.5494745
332021,27.5155379,75.1311874
422203,20.1017474,73.6300729
851101,25.41116,86.1446493
425112,21.301877,75.5975296
731201,23.817869,87.7172616
505405,18.3111027,78.8156113
110023,28.5748119,77.199129
122003,28.4421257,77.0652025
124404,28.831067,76.8201976
123102,28.1851216,76.37530459999999
332029,27.6703139,74.7688173
132116,29.7615507,76.9412601
847235,26.381646,86.2260131
202282,28.0833613,78.2362225
500012,17.3762216,78.4751476
852133,26.1841956,86.4442801
854302,25.7774797,87.4950586
125104,29.8810582,74.7102958
505184,18.5942502,79.67266320000002
505425,18.9250391,79.098396
731103,23.9405374,87.5741877
332023,27.4186908,75.0844757
422204,20.125426,73.3944466
848506,25.5157481,85.6537627
425113,20.8802443,75.03775019999999
731202,24.1882319,87.84515270000001
847213,26.4238554,86.0427626
110024,28.5683786,77.2416464
122004,28.4051175,76.9758274
124406,28.8911244,76.79135579999999
123103,28.2127284,76.4215988
127309,28.6953309,76.2131474
121003,28.4538607,77.30327419999999
133206,30.3468402,77.19231649999999
332030,27.4542363,74.88579890000001
132117,29.8979883,76.9412601
847236,26.4030585,86.1446493
203001,28.4302371,77.85959629999999
500013,17.3923739,78.5179078
854301,25.7769677,87.46535019999999
125106,29.6809741,75.737149
505185,18.5272098,79.3127543
505445,18.5916056,79.0079949
731104,23.825601,87.45048880000002
332024,27.6683917,75.1662121
422205,20.258844,73.94773839999999
848505,25.7290435,85.6743082
425114,20.8365811,75.6731734
731204,23.6751462,87.7172616
847214,26.3327271,86.0504111
110025,28.562147,77.285702
122005,28.4362246,77.03053899999999
124411,28.8357532,76.4678766
123106,28.1760065,76.745195
127310,28.4443293,76.1088001
124021,28.867022,76.6643728
133207,30.2551606,77.0506896
332031,27.7549569,75.2245693
132122,29.2469096,77.0967357
500014,17.5520259,78.5149691
852131,26.1538816,86.5501654
854205,25.7071299,87.20209899999999
125110,29.3412012,75.1311874
505186,18.487561,79.233837
505450,18.9527739,78.5887951
731121,23.779944,87.5692461
332025,27.3676603,74.9325683
422206,20.086282,73.9271644
848504,25.6320853,85.5920787
425115,20.7774166,75.45777749999999
731213,23.949948,87.80584019999999
847215,26.3950951,86.0682532
110026,28.6683157,77.1365404
122006,28.4813712,76.99310740000001
124412,28.7718469,76.514138
123110,28.2296118,76.7942403
127311,1.293561,103.766746
126110,29.4038329,76.4447397
133301,30.8272925,76.83749949999999
332041,27.6479071,74.9793243
132140,29.4916335,76.860565
847238,26.358051,86.0070547
500015,17.4777117,78.5107752
852130,26.0714997,86.5602614
854204,25.6582771,87.12233619999999
125111,29.5397219,75.6906241
505187,18.7531526,79.3690831
505451,18.5116153,79.0419053
731123,23.8122168,87.3612205
332026,27.5711889,74.8039205
422207,20.0903043,73.87719009999999
848503,25.6156481,85.83838569999999
425116,20.8745558,75.50437610000002
731214,23.6721263,87.5198011
847222,26.4221544,85.9815339
110027,28.6464731,77.1169452
122007,28.471851,77.0578855
124501,28.7847278,76.7567368
123301,28.3642617,76.5603828
127312,1.2936399,103.766733
504218,19.0581844,79.3690831
133302,30.8569568,76.90668289999999
332042,27.5970455,75.03775019999999
132145,29.3115127,76.8836261
847239,26.2369121,86.1039189
500016,17.4447097,78.4625904
852129,25.6860106,86.7516942
854203,25.7641153,87.0923906
125112,29.413556,75.78365889999999
505188,18.6682441,79.5266211
505452,18.6936807,78.95145099999999
731124,23.7184163,87.4405786
505454,18.9307232,78.9966888
422208,20.3537415,73.6065223
848502,25.6063484,85.7205065
425201,21.0469023,75.7487779
847301,26.0252545,85.9151211
500018,17.4546338,78.4061519
852127,25.7059936,86.59053709999999
854201,25.9578004,87.3314264
125120,29.6507626,75.8766333
505455,18.7709515,78.8722341
828135,23.6603636,86.45162189999999
211018,25.4583295,81.84565930000001
847204,26.1672917,86.25903
847223,26.4319162,85.9100089
110028,28.631833,77.13875879999999
122008,28.4929905,77.07241429999999
124504,28.6948707,76.71633589999999
123302,28.3985032,76.4447397
781001,26.1756772,91.7417143
504219,19.1132842,79.7175517
134003,30.2829736,76.7105632
504294,19.1981675,79.1548533
132157,29.8385942,76.8028933
847240,26.6166337,85.986639
500017,17.4337415,78.53485069999999
852128,26.0529738,86.7818523
854202,25.8962866,87.20209899999999
125113,29.5145069,75.8766333
505208,18.7817375,79.4591378
505453,18.79029,78.8042828
847225,26.6352923,86.0223611
110030,28.4956835,77.1664945
122010,28.4859289,77.1057501
124506,28.7103137,76.8144298
123401,28.2621924,76.5719414
781003,26.1811685,91.77579159999999
504231,18.9929499,79.4591378
134007,30.39941,76.7971247
504296,19.3354272,79.4928857
847226,26.5318362,86.1141045
110031,28.6508353,77.267595
122011,28.4258749,77.0976195
124507,28.6564595,76.8490328
123411,28.2941725,76.4331698
781004,26.2131317,91.8172069
504251,19.0561432,79.53786339999999
504297,19.191113,79.233837
847224,26.4534221,86.26664629999999
110029,28.5647191,77.20032359999999
122009,28.4641637,77.0823482
124505,28.7526104,76.8951551
123303,28.4120444,76.3521514
781002,26.1790101,91.7408019
504220,19.1396932,79.3578201
134005,30.3561802,76.79640359999999
504295,19.4906572,79.33528989999999
847302,26.3800272,85.7461548
203203,28.3362528,77.7108686
193222,34.6788449,74.35874729999999
208005,26.4692427,80.30181069999999
206121,26.558635,79.3127543
211016,25.4164238,81.806039
205301,27.1977631,79.30148450000002
847303,26.0706524,86.0631561
207403,27.9052251,78.72494689999999
852125,26.2453188,86.9423801
852124,25.9423234,86.59053709999999
852123,25.9741202,86.438974
852122,25.8923161,87.0024407
852121,25.9223851,86.7516942
852116,25.6085634,87.0024407
847228,26.4989521,86.2056843
110033,28.7235555,77.1756757
122015,28.4963709,77.0593246
124513,29.0141581,76.36951669999999
123501,28.0578522,76.5950555
781006,26.1589772,91.7794443
504273,19.2244114,79.60528839999999
207402,27.8701066,78.8609122
110002,28.6352202,77.2468858
121002,28.419423,77.3668965
124010,28.8459406,76.5401527
126102,29.2857394,76.29425069999999
127022,28.5044544,76.247912
413251,18.3041754,75.3178952
131021,28.9582084,77.1255055
207246,27.6386254,78.8609122
132022,29.6990234,77.1139984
855116,26.4668353,88.1779182
854339,26.4245554,87.0524338
123021,28.1377997,76.247912
854116,25.4919711,87.7664934
854108,25.6634781,87.4009165
194104,34.0717151,77.3324425
852110,26.0136538,86.61071059999999
695123,8.3955165,77.0737149
685553,9.8655501,77.1370115
125004,29.1406223,75.6789905
231220,24.1282837,82.7886395
851201,25.5534308,86.6409554
851204,25.5124581,86.4086061
134103,30.6584328,76.9527836
122502,28.2713642,76.6643728
421002,19.2298687,73.1615127
125048,29.4335541,75.55096019999999
231207,24.4402679,83.1434573
851118,25.4249673,85.99684789999999
847337,26.2582702,86.0223611
134201,30.4423865,76.9412601
770002,22.1151578,83.96384259999999
794114,25.3294423,90.7152749
827006,23.6655125,86.167546
845450,26.8671937,84.5117321
846005,26.1889608,85.8639766
828107,23.6467065,86.504708
828122,23.670252,86.49460069999999
828115,23.7018471,86.4465631
828106,23.7609202,86.43138379999999
794102,25.2352717,90.563609
781019,26.1398864,91.7709217
847115,26.2099699,85.9815339
795105,25.4063836,94.097809
781017,26.1210575,91.61294900000001
781025,26.117894,91.87574219999999
160015,30.7505253,76.77693239999999
171221,31.2815418,78.13363799999999
172028,31.33336,77.55621
173205,30.9702876,76.8028933
767002,20.7115954,83.57096399999999
171301,31.2223199,77.1197521
762112,20.2145003,84.2910759
148034,30.3324188,75.795284
151002,30.2486027,74.8624092
152025,30.4612784,74.66346399999999
764081,18.632441,82.4536115
171005,31.122158,77.1312586
143022,31.5543796,74.90918529999999
765023,19.1041559,83.6986568
766102,20.2631643,83.63484299999999
767032,20.4646804,83.3148018
767061,20.9440502,83.4430118
769004,22.2214398,84.80986159999999
143103,31.8701822,74.8507131
828130,23.6909952,86.49207360000001
847211,26.3454899,86.0860891
828306,23.8289428,86.1700894
144043,31.1313426,75.5451379
143118,31.4287338,75.1662121
795007,25.3422522,94.21283369999999
828101,23.7892174,86.3706203
845458,26.6232751,84.5850997
847104,26.2271087,85.7564107
828401,23.8941493,86.16500239999999
143407,31.3283092,75.07279559999999
764051,18.2356346,81.97529949999999
762030,20.7209169,83.8260884
152114,30.0941616,74.511172
143415,31.3409427,74.89749250000001
171222,31.156455,77.3611549
172029,31.29336009999999,77.4357739
173206,31.0016831,76.9988669
767016,20.7163081,83.6986568
172001,31.3991826,77.5963271
763001,18.7461535,82.79402970000001
148035,29.9984083,75.94632399999999
151003,30.2645297,74.9501034
152026,30.5595078,74.54632819999999
764085,19.2954579,82.7886395
171006,31.0953165,77.20027449999999
151301,29.9590825,74.9910112
143101,31.7184729,74.7922202
765024,19.2476729,83.7411631
766103,19.7757008,82.669947
767033,20.2700413,83.1863358
767062,21.0318427,83.8897057
769005,22.2621342,84.8750338
143105,31.6042801,74.7688173
828131,23.7310943,86.42632290000002
847212,26.3120274,86.04786179999999
828307,23.7700432,86.19043239999999
144044,31.082501,75.5101999
143119,31.716042,75.14286320000001
795008,24.7448286,93.9776389
828103,23.7555265,86.32753509999999
845459,26.7091603,84.375233
847105,25.9520665,86.0427626
828402,23.8840211,86.2361744
143408,31.2333282,75.0260667
764052,18.1224176,82.08429009999999
762100,20.0747662,84.375233
152115,30.0730064,74.42911350000001
143416,31.1899658,74.7571147
160017,30.7398339,76.782702
171223,31.2319008,77.6707924
172030,31.3378515,77.4874049
173207,31.089459,76.9758274
767017,20.8633543,83.8260884
172002,31.5240014,77.6077865
763002,18.6932217,82.79941939999999
148100,30.5089262,75.45777749999999
151004,30.219957,75.0026972
152028,1.286355,103.809689
764086,18.2301007,81.84429340000001
171007,31.1601624,77.22901929999999
151302,29.9300692,75.1311874
143102,31.8336912,74.7337069
765025,19.3007667,83.91089680000002
766104,20.9107801,82.6267345
767035,20.2141825,82.9716617
767065,20.801682,83.4430118
769006,22.24463,84.8854545
143107,31.5957256,74.69858909999999
828132,23.6896145,86.43138379999999
851213,25.4880216,86.62583529999999
828309,23.736569,86.40607460000001
144101,31.33144,75.6789905
143149,31.5767204,75.0961549
795009,24.6995465,93.8960811
828104,23.8277741,86.3680869
145026,32.2578631,75.3995089
847106,26.1391185,85.7717907
828403,23.7849427,86.0733498
143409,31.3004141,75.0260667
764055,19.0119614,82.49693309999999
762101,19.9771394,84.2910759
152116,30.0501858,74.24140919999999
143419,31.167207,74.5697617
160018,30.7332254,76.78702899999999
171224,31.3224848,77.7337628
172031,31.27988629999999,77.5275463
173208,31.1321361,76.9527836
767018,20.9428292,84.05902900000001
172021,31.3068995,77.57340479999999
763003,18.7392583,82.84521459999999
148101,30.4392642,75.5393155
151005,30.1969101,74.9501034
152031,30.3713271,74.66346399999999
764087,17.9120309,81.5596427
171008,31.1066236,77.11687529999999
151401,30.0671203,74.7571147
765026,19.4156568,83.804868
766105,20.6928502,82.5185837
767037,20.4089104,83.1005505
767066,20.2315588,83.11127979999999
769007,22.1903165,84.85939929999999
143108,31.6065216,74.6049061
828133,23.7195585,86.44150379999999
851214,25.4921844,86.5501654
160019,30.7303302,76.8000091
171225,31.2246949,77.53901270000001
172032,31.50261709999999,77.5046101
173209,30.8963236,77.01614359999999
767019,21.0027109,83.7411631
172022,31.3820966,77.76809519999999
763004,18.7268308,82.82905509999999
148102,30.4479275,75.3178952
151101,30.19563029999999,75.0844757
152032,30.3937255,74.4760088
764088,20.035786,81.9807529
171009,31.0405529,77.1600201
151501,29.8572185,75.6906241
171018,31.2254073,77.2060241
765029,19.243273,83.6135572
766106,20.5033466,82.5185837
767038,20.6337112,82.79941939999999
767067,20.5676429,83.528342
769008,22.2513887,84.91149759999999
143109,31.7041875,74.6751731
828134,23.5047354,86.2767995
795107,25.0186788,93.9266502
160020,30.7213417,76.7812596
171226,30.9901804,77.4472495
172033,31.3676782,77.5046101
766111,20.3138812,82.5185837
767020,20.8646449,83.53900019999999
172023,31.4149339,77.5275463
763008,18.757597,82.9394002
148103,30.4061896,75.44612560000002
766014,19.8351652,82.9716617
152033,30.5055765,74.2883536
765001,19.1440935,83.4856913
171010,31.0658281,77.1312586
151502,29.9827566,75.5975296
171019,31.2516158,77.355413
765033,19.1701365,83.9003022
766107,20.3361746,82.76707449999999
767039,20.4494265,82.92864279999999
767068,20.9184533,83.7092861
769009,22.2577632,84.8307248
143111,31.5850187,75.1662121
847122,26.3376446,85.9100089
795112,25.2102544,93.8451731
160022,30.7267591,76.7653924
767024,20.7393429,83.2918613
172034,31.5338685,77.8252923
766118,20.2300163,82.7778579
767021,20.9595729,83.53900019999999
172024,31.3287677,77.39560039999999
764001,18.8627909,82.5686247
148104,30.5194643,75.55096019999999
766015,19.8283043,82.79941939999999
152101,30.21097039999999,74.64004320000001
765002,19.1395164,83.357567
171011,31.0988492,77.067959
151503,29.8417614,75.55096019999999
171102,31.2399074,76.90668289999999
765034,19.005177,83.7464743
766108,20.0561741,82.5834947
148020,30.5403153,75.737149
767070,20.355917,83.2613054
769010,22.2327421,84.8854545
143112,31.518065,75.1662121
422209,20.1833163,74.006509
848501,25.5636318,85.6743082
160023,30.7396066,76.766835
767025,20.7408453,83.1005505
172101,31.6070327,77.76809519999999
767001,20.7145288,83.4910242
767028,20.8269213,82.8855961
172025,31.3833772,77.4357739
764002,18.9611893,82.4102628
148105,30.2487913,75.55096019999999
766016,20.0045741,82.76707449999999
152107,30.1687569,74.4760088
765013,18.9376725,83.01465259999999
171012,31.0723282,77.25201009999999
151504,30.1132488,75.55096019999999
171103,31.178839,77.0794705
766001,19.856553,83.2184763
766110,19.9921289,83.357567
148021,30.6533337,75.841775
171201,31.1085865,77.3898602
766017,19.6930928,82.9716617
422211,20.5087335,73.5358541
848302,25.9917959,85.77691639999999
152024,30.63437699999999,74.24140919999999
144102,31.4038786,75.7255192
143201,31.4789051,75.2128996
828105,23.9829217,86.39847929999999
145027,32.299496,75.3761952
762011,20.370077,83.9744262
828404,23.751595,86.16500239999999
143410,31.2864819,74.90918529999999
764056,19.0627089,82.5834947
762102,20.0651518,84.0801613
152117,30.1742687,74.310856
143422,31.3338316,75.11951069999999
143506,31.8217046,75.2829046
172110,31.7979272,78.36146719999999
143406,31.456801,75.0260667
762021,19.6856076,84.0801613
148029,30.0735434,75.70225669999999
147203,30.586134,76.1551866
171209,31.0566565,77.3209555
211019,25.4286641,81.9207423
422303,20.0679189,74.1357407
848208,25.8120053,86.1039189
828206,23.6999206,86.7667756
144032,31.210515,75.6499025
143527,31.8016434,75.4927278
143516,31.8076404,75.35287790000001
171004,31.0875788,77.15139239999999
146105,31.3730437,76.0507949
762024,20.7383246,84.3331694
160012,30.7680494,76.782702
147002,30.3571869,76.4447397
144103,31.4257651,75.74587079999999
143202,31.5736976,75.2595731
828201,23.7014328,86.5602614
160055,30.7264274,76.7076768
145029,32.3596824,75.70225669999999
762013,20.6596067,84.46976629999999
152123,30.4120793,74.07701
143411,31.3674623,75.0260667
764057,19.1151451,82.713132
762103,19.9875225,83.8897057
147103,30.269101,76.4678766
143507,31.821849,75.0961549
207123,27.8089745,78.6795836
762022,20.1832628,84.42777029999999
148030,30.03598419999999,75.77203279999999
147301,30.6537565,76.2594981
171210,30.901759,77.69941969999999
211017,25.447376,81.8074055
422304,20.1626883,74.1592278
848207,25.6749707,86.28695069999999
828207,23.8133651,86.7919009
144033,31.1640126,75.58588859999999
143528,31.9477986,75.50437610000002
143517,31.8489174,75.5160235
205268,27.0533404,79.08710049999999
146106,31.3292383,75.98405869999999
762026,20.6405329,84.2489525
160014,30.7776783,76.7394237
144104,31.4028807,75.76621949999999
143203,31.6069353,75.35287790000001
828202,23.7239045,86.7768273
160059,30.7191317,76.72061599999999
145101,32.1517242,75.632447
762014,20.8291318,84.20679919999999
152124,30.3650687,74.24140919999999
143412,31.1998398,74.9325683
764058,19.0975025,82.2800546
762104,19.8983701,84.05902900000001
152121,30.3027243,74.10050439999999
147104,30.5156986,76.3405733
143511,31.9039118,75.1311874
172109,31.4380046,78.6114999
143402,55.8216877,37.3348167
762020,20.5602057,84.7106567
194106,34.4210954,76.91820969999999
148028,30.0938248,75.78365889999999
147202,30.500844,76.2015572
171211,30.9043613,77.4931403
422305,20.0659852,74.24140919999999
848206,25.7432677,86.1853474
828301,23.7154787,86.39341519999999
144034,31.1270864,75.6557206
143529,31.9467096,75.3995089
146107,31.3168354,75.9985693
762027,20.3488128,84.406761
192304,33.9466606,74.9501034
193201,34.3544655,74.4408385
208003,26.459456,80.3296664
206003,26.7349596,79.0306032
211014,25.4721393,81.8033057
205265,27.3677269,78.95145099999999
202280,27.9969321,78.30455649999999
193503,34.5781914,74.92087719999999
207302,27.4545734,78.3159411
206245,26.8960589,78.8609122
212202,25.4003511,81.6254283
192305,33.8263508,74.9910112
847229,26.5181034,86.0427626
110034,28.6930443,77.1350949
122016,28.5079338,77.0751538
124514,29.0358382,76.5257007
192306,33.8183154,74.8390162
781007,26.16363,91.7611838
160047,30.6998681,76.75096599999999
151001,30.17384139999999,74.89749250000001
504302,18.8534075,79.4816378
764011,18.8098431,82.6105228
172112,31.8881486,78.6114999
194105,34.4340835,76.0623979
151509,30.1214948,75.2245693
172107,31.4829512,78.36146719999999
143305,31.3515946,74.6166192
762018,20.4789955,83.6986568
148026,30.2548735,76.01598
147111,30.1732299,76.5257007
171206,31.0664644,77.76809519999999
143115,31.548856,75.0494329
422222,20.0085359,73.6830521
848211,25.7141789,85.9815339
425306,21.1121674,76.1088001
144029,31.0860234,75.9405178
143521,32.0579368,75.3995089
764040,18.5747479,82.48610529999999
171001,31.1011641,77.1743983
146102,31.4751353,76.0623979
847230,26.5273124,85.95089229999999
110035,28.6738274,77.1642584
122017,28.5076558,77.02766
504307,19.4127724,78.4524591
781008,26.1711451,91.7502311
171214,31.3109471,77.8481628
764043,18.7932513,82.34518899999999
504303,18.8639621,79.5125662
764014,18.9180368,83.12200740000002
172113,32.2218687,78.3387066
146108,31.3228926,75.95213
151510,30.1726376,75.3761952
172108,31.67500209999999,78.24761459999999
143401,31.4358719,74.9442585
762019,20.3196151,84.238417
148027,29.79432229999999,76.0507949
147201,30.3603196,76.1551866
171207,31.2018372,77.76809519999999
143116,31.6366361,75.1311874
422301,20.1055734,74.0417628
848210,25.7685996,86.0274622
425307,20.9528173,75.8766333
144030,31.39430699999999,75.7894716
143525,32.1635688,75.35287790000001
764041,18.4960125,82.5834947
171002,31.0831046,77.1628959
146103,31.3763301,75.9289046
160036,30.7325393,76.7394237
110032,28.6865527,77.2922157
122012,28.3913444,76.9536816
123412,28.0882851,76.49679189999999
781005,26.1573052,91.79527619999999
504272,19.1820864,79.4816378
148108,30.310696,75.3995089
504299,19.4226526,79.7848422
764005,18.834391,82.48610529999999
847304,26.3232108,85.81790389999999
212303,25.182636,82.1604849
151507,29.6391919,75.2595731
172105,31.4661031,78.1792434
766012,20.2275653,83.3148018
125201,29.8288899,75.03775019999999
148024,30.4152794,75.8301537
768003,21.4796112,83.95855
171204,31.1672294,77.5275463
143113,31.63527419999999,75.0260667
422215,20.3552464,73.86542949999999
848216,25.8109115,86.0631561
425304,21.2333689,75.7487779
144027,31.3659892,75.5524157
143303,31.3504271,74.69858909999999
764038,18.3594774,82.713132
160103,30.707137,76.7174871
146024,31.6438116,75.96954649999999
425203,21.0545084,75.8040022
847123,26.1856895,85.751283
143204,31.5345119,75.30623260000002
828203,23.7597738,86.7868768
160062,30.6836658,76.7307663
146001,31.46955839999999,75.911483
762015,20.7773193,84.0801613
152128,30.1620411,74.05351259999999
143413,31.5181797,74.9793243
764059,19.2517865,82.5834947
762105,19.7948791,83.804868
152122,30.2469351,74.1710583
828304,23.7725053,86.2920255
143512,32.0081514,75.1662121
766002,19.8875657,83.1005505
125121,29.36285599999999,75.94632399999999
148022,30.4807769,76.01598
768001,21.4688768,83.9902982
171202,31.1018258,77.55047789999999
171212,31.1988519,77.4053955
828305,23.7472733,86.231094
422306,20.158632,74.24140919999999
848205,25.8152136,86.2260131
828302,23.6917098,86.39341519999999
144035,31.0425769,75.70225669999999
143530,31.9993777,75.46942849999999
160101,30.7182961,76.8201976
146022,31.5038877,75.8185314
144011,31.2937587,75.581523
762028,20.2211877,84.5012435
144702,31.0717809,75.27123929999999
762107,19.8837395,83.63484299999999
144022,31.2836491,75.6033497
144010,31.2915834,75.6731734
143514,31.6934541,75.329557
425301,21.1361518,75.70225669999999
847201,26.1085153,86.15482689999999
143205,31.6210674,75.2829046
828204,23.7403647,86.7114545
160071,30.7038528,76.7076768
146021,31.5694221,76.0043731
762016,20.6794148,83.99558789999999
152132,30.0408173,73.98300290000002
143414,31.5037288,74.6751731
764061,19.2846545,82.2365981
762106,20.1859203,84.14351359999999
144021,31.3526942,75.52184679999999
144009,31.3633457,75.61498929999999
143513,31.9024655,75.0260667
766011,20.0575529,83.2077645
125133,29.7767703,75.78365889999999
148023,30.51575669999999,75.92309759999999
768002,21.4726177,83.9704575
171203,31.1987215,77.6192447
171213,31.2262196,77.4400975
764048,18.3224148,81.8005724
422308,20.1793552,74.0887576
848204,25.6833818,86.15482689999999
828303,23.6381089,86.3883506
144036,31.0148784,75.6557206
143531,32.1203289,75.45777749999999
160102,30.6844199,76.8201976
146023,31.5132626,75.95213
144020,31.2339038,75.6091696
762029,20.4044426,84.2910759
144703,31.0476082,75.35287790000001
764063,19.2114733,82.4644445
762109,20.1024342,83.7836403
144023,31.3122461,75.6455388
148001,30.2345977,75.8301537
143515,31.7195462,75.45777749999999
160025,30.7527177,76.71633589999999
767026,20.5933901,82.9716617
172102,31.48888109999999,77.8252923
143502,31.7216097,75.0026972
767029,20.5611872,83.357567
172026,31.4811415,77.4013403
764003,18.742549,82.5510469
148106,30.2140241,75.6440842
144003,31.30073,75.55678209999999
152112,30.3037834,74.4760088
144006,31.3214172,75.57861249999999
151505,29.9366599,75.3878525
852126,25.6925097,86.51986509999999
422221,20.1219598,73.9065883
848213,25.7821025,86.317392
425305,21.0373557,75.911483
144028,31.2008663,75.5160235
143520,32.0052487,75.329557
766018,19.4969552,82.79941939999999
422212,19.9750601,73.5122928
848301,25.9699663,85.83838569999999
425302,21.1620879,75.5975296
847202,26.3221709,86.506591
143301,31.4733592,74.7922202
764036,18.6004123,82.8425216
422401,19.8987484,73.8066163
422602,19.2666916,74.10050439999999
423101,20.2976274,74.24140919999999
160001,30.7535003,76.8057776
144801,31.4524489,75.5626039
764070,19.3042863,82.713132
762110,20.2692443,83.804868
144024,31.26521929999999,75.63826569999999
160030,30.7122069,76.7884713
767027,20.7356319,82.9716617
172103,31.6738972,77.99670429999999
143504,31.7077097,75.07279559999999
767030,20.4580975,83.4536844
172027,31.3315393,77.3668965
764004,18.8716474,82.5686247
148107,30.2834499,75.45777749999999
144004,31.3443197,75.58113759999999
152113,29.9997527,74.5697617
144007,31.3223614,75.6237184
151506,29.7703545,75.3178952
172104,31.4939833,77.99670429999999
143117,31.4427944,75.0961549
422302,20.0759122,73.9712488
848209,25.8713336,86.1141045
828205,23.8354477,86.7114545
144031,31.127391,75.7080727
766019,19.5898791,82.7562895
422214,19.9441232,73.859549
848236,25.7603077,85.9406745
425303,21.2896714,75.45777749999999
847203,25.9228231,86.2767995
143302,31.4230672,74.74541119999999
764037,18.6182263,82.6915429
422402,19.7694729,73.5358541
422603,19.5104721,74.1122506
423102,20.4323089,74.1944529
160002,30.6896247,76.7884713
144802,31.5007016,75.3995089
764071,19.3918777,82.5402275
423403,20.0997046,74.6166192
144025,31.3735781,75.6557206
148017,30.347726,75.9347113
160043,30.7211843,76.75240869999999
148109,30.3970193,75.61498929999999
504301,18.9225329,79.4591378
764006,18.8754344,82.6267345
172111,31.7696176,78.54337009999999
151508,30.0623273,75.3995089
172106,31.3108666,78.4524591
143304,31.2919459,74.7688173
762017,20.5769806,83.7836403
148025,30.4449407,75.6906241
147105,29.9025922,76.1088001
171205,31.1129631,77.665066
143114,31.6601982,75.2362381
423201,20.5361174,74.4408385
424004,20.8898903,74.78929509999999
424205,20.704104,75.6906241
143532,32.1218823,75.3761952
848203,25.6412882,86.357952
764039,18.4391967,82.95015579999999
160104,30.6427858,76.854799
146101,31.39031719999999,76.0043731
148019,30.5882941,75.8650148
424119,1.307394,103.909854
422403,19.7408878,73.7242486
422604,19.539494,73.7948516
423104,20.247329,74.4525627
160003,30.6738734,76.8000091
144803,31.4694618,75.5160235
764072,19.5246965,82.32348429999999
423501,20.5074167,74.006509
144026,31.2734015,75.5626039
148018,30.4230746,76.0043731
847305,26.4887543,85.83838569999999
110036,28.8222004,77.17181339999999
122018,28.4180814,77.0506896
504308,19.5534192,78.4524591
852115,25.7015191,86.9223432
171215,31.3344538,77.45298679999999
764044,18.4993791,82.08429009999999
504304,19.40102,78.2703951
764020,18.8364407,82.68614459999999
172114,32.4151975,78.0195387
146109,31.3282122,76.0507949
152001,30.9205165,74.6107628
171208,31.2890898,77.973865
423202,20.5803526,74.41738769999999
424005,20.9395191,74.7922202
848134,25.8519117,85.83838569999999
143533,32.1214135,75.5626039
848202,25.6339449,86.0733498
143526,32.059461,75.3178952
764042,18.4856519,82.32348429999999
171003,31.1369056,77.1657716
146104,31.40756319999999,75.9579358
762023,20.5523712,84.4592701
160011,30.7573593,76.7884713
424201,20.6257242,75.3178952
422501,19.9491178,73.7889689
422605,19.5525173,74.1944529
423105,20.5679413,74.66346399999999
160004,30.6582706,76.7855866
144804,31.5176207,75.35287790000001
764073,19.6363678,82.1713632
423502,20.4896201,73.8183804
829101,23.6128612,85.4272402
423208,20.4538793,74.42911350000001
423203,20.5467979,74.5580454
424006,20.8043422,74.7102958
848133,25.9250692,85.9202327
143534,32.2091953,75.45777749999999
848201,25.5909247,86.2361744
144037,31.0897976,75.6731734
848130,25.8416874,85.6897121
848127,25.6830004,85.7153754
829105,23.6296099,85.3911146
143603,31.9744515,74.88579890000001
144002,31.3101807,75.4927278
424202,20.6503851,75.46942849999999
422502,19.8420511,73.8183804
422606,19.7291413,74.10050439999999
423106,20.2641633,74.64004320000001
160005,1.292253,103.827462
144805,31.4072932,75.5101999
829102,23.5735411,85.50457109999999
423212,20.420254,74.5697617
423204,20.7191485,74.2883536
424101,20.4153781,75.03775019999999
848132,25.7804688,85.81790389999999
143601,31.7981381,74.9910112
848160,25.9498209,85.9611082
144039,31.0644037,75.5975296
848129,25.8786156,85.7410262
848125,26.0014898,85.7051116
829106,23.5866636,85.3446321
143604,32.010797,75.0026972
829110,23.5619348,85.7256372
424203,20.5825418,75.4927278
422601,19.6238455,73.95949399999999
422608,19.6555756,74.1827119
423107,19.6700722,74.4760088
160009,1.287701,103.838623
144806,31.3943203,75.44612560000002
144042,31.1609794,75.5101999
423213,20.548532,74.3235539
423205,20.7029648,74.6166192
424102,20.5018211,75.0961549
848131,25.8937444,85.6537627
143602,31.874608,74.9793243
424206,20.8517522,75.78365889999999
144040,31.1256127,75.44612560000002
424204,20.6370204,75.58588859999999
422610,19.3969615,74.006509
423108,20.6434394,74.347017
848122,25.8222957,85.63320929999999
144819,31.5807271,75.4636031
847306,26.2536666,85.8588594
110037,28.5441475,77.1159808
122051,28.3484435,76.9239727
504309,19.7086855,78.6795836
852114,25.9370539,86.8822445
171216,31.1283619,77.8252923
764045,18.4675011,81.8879884
504306,19.1170667,78.2248291
764021,18.8104862,82.7778579
172115,31.660795,77.85959629999999
146110,31.5298199,76.0507949
152002,30.9939928,74.6166192
423301,20.5923163,74.1709702
423206,20.7111565,74.4525627
424103,20.6094943,75.1311874
764049,19.3612418,82.65914649999999
829103,23.6451009,85.5148735
424207,20.6653222,75.78365889999999
144041,31.0035902,75.45777749999999
422611,19.6997456,74.2883536
423109,19.7985195,74.48773059999999
848121,25.8062643,85.6897121
145001,32.3801323,75.78365889999999
829116,23.7614078,85.8537418
764074,19.9162802,82.08429009999999
140111,30.9265583,76.3868797
110087,28.6703213,77.0857675
141004,30.9033011,75.81271989999999
851212,25.3784258,86.7516942
110038,28.5132203,77.109319
122052,28.3702789,76.9124465
504310,19.0876308,78.49792479999999
852113,25.8773308,86.85214859999999
171217,30.83308559999999,77.57340479999999
764046,18.487336,82.2202951
143501,31.6491658,74.95594799999999
764027,18.9944751,83.2720082
172116,31.5730326,78.36146719999999
146111,31.4617492,75.841775
152003,30.8665626,74.5814773
423302,20.7688454,74.07701
829113,23.7448142,85.899783
424104,20.5205631,75.17788530000001
424303,20.9601993,74.511172
829104,23.8171583,85.9406745
424208,20.6769299,75.92309759999999
829108,23.7060257,85.36529589999999
422620,19.3548867,74.1827119
423110,20.3905619,74.370477
848117,25.8196509,85.95089229999999
145022,32.442254,75.841775
829117,23.6865181,85.50972259999999
764075,19.3374137,82.36688699999999
140112,30.8690201,76.37530459999999
110088,28.71221049999999,77.15903039999999
141006,30.8553803,75.8621101
134202,30.4516907,77.03341790000002
110039,28.80015809999999,77.0354852
504311,19.3638871,78.792953
852112,26.0340801,87.0024407
171218,31.0069736,77.27499639999999
764047,18.1077423,81.73494199999999
504323,19.2634266,78.3159411
764028,19.0028527,82.8640623
172117,31.9186342,77.973865
146112,31.399792,75.8882508
152004,30.8779071,74.6751731
423303,20.8074986,74.24140919999999
829114,23.7519623,85.94578369999999
424105,20.7106716,75.2245693
424304,21.0558567,74.1709702
143505,31.7758933,75.17788530000001
424301,20.8677039,74.89749250000001
829109,23.7078619,85.4272402
422622,19.3757797,74.2883536
423111,20.2444566,74.0417628
848115,25.9588134,85.6588999
145023,32.3142826,75.5975296
829118,23.6791608,85.26189869999999
764076,19.647519,82.4319405
140113,31.0262091,76.583499
110089,28.7358942,77.1286829
141007,30.9661366,75.92309759999999
134203,30.4609213,77.1255055
110040,28.834898,77.0898784
122101,28.3636532,77.0219019
504312,19.7380496,78.4069732
766020,19.8009514,83.3148018
171219,31.0409637,77.10824439999999
143606,31.8216619,74.90918529999999
504346,19.5266915,78.77028949999999
147003,30.3572743,76.41870589999999
829150,23.6651223,85.5920787
146113,31.5943319,75.777846
152005,30.9661889,74.7571147
423401,20.0829547,74.42911350000001
424106,20.5930409,74.9442585
424305,21.1454045,74.3822058
144005,31.2956907,75.63535639999999
424302,20.8757251,74.4760088
143518,31.8759997,75.27123929999999
848114,25.6756021,85.8690933
423117,20.3309468,74.10050439999999
841401,25.9889908,84.9505398
765015,19.2964782,83.12200740000002
145024,32.3675857,75.626628
829119,23.6079201,85.26189869999999
764077,19.8631807,82.49693309999999
140114,31.0911413,76.6123884
110090,28.7553815,77.2441305
141008,30.9579652,75.7487779
134204,30.5749958,77.0219019
110041,28.6696613,77.0568756
122102,28.3117677,77.0794705
504313,19.3750222,78.97407249999999
766023,19.7712787,82.85329279999999
171220,31.1559395,77.4128193
144001,31.3271102,75.5917092
505001,18.4355341,79.1435645
147004,30.3850123,76.3868797
146114,31.5693474,75.754592
152020,56.7370078,38.8453138
423402,20.0069427,74.6166192
831002,22.6191948,86.05296039999999
424107,20.6942695,75.03775019999999
424306,20.9287962,74.05351259999999
829111,23.7658303,85.7974141
143519,31.9552657,75.2829046
848113,25.9191796,85.7153754
845434,26.4527114,84.7420032
765016,19.5167091,83.3148018
145025,32.220061,75.55096019999999
829127,23.7265301,85.6640365
764078,19.1983127,82.723924
140115,31.183681,76.583499
110091,28.6078909,77.3054884
141010,30.9023784,75.9056753
134205,30.6373345,77.0794705
110042,28.7505846,77.1419808
122103,28.1738838,77.0794705
829135,23.6493933,85.3575479
205267,27.3784735,79.08710049999999
202281,28.0912103,78.3273245
193504,34.27920090000001,74.69858909999999
207401,27.7407804,78.5547283
206247,26.6153886,79.4478858
212203,25.5042844,81.5925427
184144,32.5529228,75.36453689999999
766026,19.3583972,82.8855961
184145,32.454615,75.1895576
829107,23.8392907,85.8793252
505002,18.4366514,79.10769750000001
147005,30.3549793,76.3434679
829202,23.9112204,84.7315563
146115,31.5542146,75.7197039
152021,31.0613765,74.8039205
141102,30.8879365,75.7255192
831003,22.7870169,86.2285536
424108,20.4030674,74.89749250000001
424307,21.0492626,74.72200169999999
829112,23.9221437,85.8690933
184148,32.4145378,75.3178952
832402,22.8434639,85.9815339
848102,25.8801057,85.7922905
845435,26.7144982,84.8255097
765017,19.3288612,83.357567
761217,19.5189439,84.05902900000001
829128,23.6713581,85.81790389999999
110046,28.6040739,77.0979509
140116,31.2261886,76.5603828
110092,28.6362211,77.2922332
141012,30.8894676,75.7894716
135001,30.1014803,77.27499639999999
110043,28.611665,76.97867800000002
122104,27.7464579,76.9412601
829143,23.6274521,85.3187914
184151,32.3493437,75.42281899999999
766027,19.7029817,83.2291862
184152,32.4430384,75.6557206
184201,32.5770157,75.7604058
505101,18.1500975,79.4816378
829203,23.6955447,84.6688348
146116,31.6100887,75.7197039
152022,30.651718,74.3822058
141103,30.8016559,75.7080727
831004,22.7794565,86.28695069999999
424109,20.3019263,74.8039205
424308,20.7241028,74.8507131
110054,28.6903983,77.2275394
140126,31.3162182,76.3521514
832403,23.1151801,85.9100089
848101,25.8501436,85.77691639999999
845436,26.3995189,85.2411958
765018,19.3449346,83.4750241
762001,20.4865173,84.25948609999999
829129,23.6774148,85.4014387
110047,28.4717584,77.1315321
140117,31.1614039,76.4794435
110093,28.6974374,77.31562919999999
141013,30.8614623,75.8156257
135002,30.1026552,77.17152279999999
110044,28.5006897,77.3152116
122105,28.3184638,76.9712827
829144,23.8430342,86.0223611
847428,26.1638995,85.8127822
766028,19.6301728,82.5834947
847429,26.1161722,86.00195149999999
147101,30.1843476,76.2015572
847452,26.3195253,86.5703554
829204,23.6805582,84.2489525
147001,30.2896414,76.3405733
152023,30.8815534,74.42911350000001
141104,30.782569,75.63826569999999
831005,22.8092428,86.1624587
143605,31.9303036,75.07279559999999
424309,21.0915942,74.8039205
110055,28.645567,77.2110972
140127,55.5330312,38.3178508
832404,22.9735252,85.95089229999999
141105,30.7477755,75.6789905
845437,26.6310624,84.79420909999999
765019,19.5015365,83.54965659999999
762002,20.4923854,84.0801613
829130,23.7875037,85.61521859999999
110048,28.54786,77.2376414
140118,31.2362867,76.49679189999999
110094,28.7156702,77.277957
141014,30.872488,75.9405178
135003,30.194566,77.2979782
110045,28.5965884,77.082604
122107,28.0775058,77.03341790000002
829149,23.7357199,85.7820416
766029,19.9738434,82.8855961
847451,26.4360942,86.7667756
147021,30.3091013,76.5257007
829205,23.5655285,85.0441304
845416,26.5793406,84.9921549
831006,22.7740354,86.1828047
829121,23.5895611,85.8690933
424310,20.9046419,74.2883536
110056,28.68123619999999,77.12110679999999
140128,55.5207345,38.2448444
833101,22.6838372,85.78716630000001
141106,30.7488256,75.63826569999999
845438,26.7594523,84.4592701
765020,19.6022995,83.7199136
762010,20.3108307,84.3331694
829131,23.7178335,85.566356
110049,28.5623635,77.22307300000001
140119,31.0763633,76.5257007
110095,28.6761864,77.3159348
141015,30.9112101,75.9347113
135004,30.1474075,77.3381855
766031,20.374683,83.4430118
147102,29.9982173,76.1551866
829207,23.7341449,84.41726659999999
829206,23.7860743,84.54318669999999
845417,26.8570235,84.86721709999999
831007,22.7717243,86.21076719999999
829122,23.6097665,85.52517399999999
424311,20.8128143,74.8039205
110057,28.5616397,77.15588389999999
140133,31.2787884,76.4215988
833102,22.7989349,85.64348700000001
141107,30.7174242,75.6091696
845440,26.897856,84.7002041
765021,19.9020581,83.4856913
766013,19.6064336,82.8748301
829132,23.7305757,86.037663
110051,28.6569035,77.2822923
140123,31.2675144,76.4736602
110096,28.5953246,77.3118642
141016,30.8573921,75.9056753
135021,30.3112515,77.4472495
847427,26.0183161,86.317392
829208,23.6693571,84.9505398
845418,26.6912859,85.1686743
831009,22.8078987,86.231094
829123,23.7011933,85.8230251
424318,20.9712224,74.88579890000001
110058,28.6217426,77.08826950000001
140201,30.6051755,76.84614959999999
833103,22.6945074,85.31362179999999
141108,30.68285719999999,75.70225669999999
765022,19.0639236,83.91089680000002
767022,21.0242103,83.3682539
829133,23.6646212,85.3704606
110052,28.689477,77.1754088
140124,31.3922527,76.3810922
110097,28.5266528,77.0791514
141017,30.8487083,75.9289046
135101,30.1581173,77.3898602
766036,20.1194084,82.9716617
845419,26.4951075,84.6165146
831011,22.8213838,86.1726327
829125,23.6793163,85.33495599999999
845306,27.1415406,84.6269824
110059,28.6217627,77.0558233
140301,30.7630356,76.6528225
833104,22.4042563,85.14793639999999
141109,30.61481449999999,75.5975296
767023,21.0438498,83.57096399999999
829134,23.7421706,85.5869352
110053,28.67568619999999,77.2596337
140125,31.3598496,76.3926668
110099,28.7223841,77.079696
141101,30.8351329,75.6557206
135102,30.3410379,77.30963299999999
766037,19.5510567,82.9716617
847424,26.2561032,86.15991489999999
140103,30.8435639,76.5603828
829209,23.6400296,85.14793639999999
845420,26.4545594,85.1271907
831012,22.8294671,86.2584791
829126,23.6660571,85.3273997
845307,27.0428456,84.5012435
110060,28.6354261,77.1856762
140306,30.6121835,76.7221082
833105,22.5344699,85.5406209
141110,30.9025679,75.6557206
832105,22.9124353,86.3782198
110073,28.5709305,76.9058293
140506,30.526535,76.76827750000001
833219,22.6870099,85.9100089
141125,30.8590976,76.2826675
135103,30.2489389,77.3898602
766100,20.0672129,83.46435509999999
847423,26.1405478,86.2514126
140108,30.9510393,76.6181655
829210,23.6537241,84.83593950000001
845422,26.6393567,84.7002041
831013,22.7824121,86.15991489999999
423601,19.9102045,74.4408385
845315,26.7340368,85.0441304
110061,28.5350902,77.05655209999999
140307,30.68042849999999,76.6181655
833106,22.4091277,85.31362179999999
141112,30.8963885,76.0043731
832106,22.6331258,86.39341519999999
110074,28.4550173,77.1837006
140507,30.5835753,76.8836261
833220,22.7832145,85.95089229999999
141126,30.9364921,76.0623979
135106,30.3655022,77.53901270000001
766101,20.1703171,83.3682539
847422,26.1672356,86.1446493
140109,30.9031593,76.6990172
829301,23.6867575,85.95089229999999
845423,26.3828637,84.76289129999999
831014,22.7751118,86.1039189
423602,19.9039175,74.370477
845401,26.6704794,84.9088938
110062,28.5099937,77.2354845
140308,30.705177,76.69324379999999
833201,22.5477024,85.8127822
141113,30.8540139,76.0798006
832107,22.6940212,86.1955169
110075,28.5899848,77.0443796
140601,30.54824559999999,76.70479040000001
833221,22.1602593,85.3446321
135133,30.0117887,77.17152279999999
834010,23.2430856,85.37562489999999
141414,30.6613102,76.1203982
140110,30.833115,76.675922
831001,22.8229026,86.2150103
845424,26.3045876,84.87763919999999
831015,22.7495908,86.2818753
423603,19.9141955,74.6166192
845404,26.908153,84.1680508
110063,28.6698791,77.10691640000002
140401,30.494883,76.5719414
833202,22.4884821,85.8230251
141114,30.8616124,76.2015572
832108,22.8464931,86.1039189
110076,28.531953,77.2958536
140602,30.5900961,76.6181655
833222,22.1908351,85.1686743
141201,30.768332,75.81271989999999
136020,29.8753689,76.606611
834011,45.8511099,85.29979000000002
141415,30.61117609999999,76.07399989999999
845425,26.5397734,84.5536678
831016,22.7253202,86.2615689
423604,19.9207583,74.3000878
845406,26.3221052,85.2153062
110064,28.6258689,77.1142577
140402,30.4616909,76.59692369999999
833203,22.1571358,85.6640365
141115,30.9516436,76.2015572
832109,22.7909075,86.1421046
110077,28.5709904,77.07184079999999
140603,30.6193263,76.79135579999999
833223,22.0969144,85.21012689999999
141202,30.7304803,75.7255192
136021,29.8346795,76.6528225
141416,30.723887,76.07399989999999
845426,26.3475319,85.0960576
831017,22.7964772,86.2514126
423605,19.7544147,74.3822058
845411,26.5460568,84.7211074
110065,28.5678123,77.26164729999999
140405,30.5758434,76.37530459999999
833204,22.3295524,85.8895551
141116,30.8209004,75.8301537
832111,22.6925371,86.25903
110078,28.6102254,77.0300594
140604,30.6625018,76.8129878
834001,23.3780353,85.3187914
141203,30.7581778,75.77203279999999
136026,29.7288542,76.6181655
141417,30.7389636,76.2131474
845427,26.5871641,85.22048509999999
831019,22.7878498,86.2641076
423607,19.9628746,74.3176876
845412,26.4046234,85.0441304
110066,28.567447,77.1873371
140406,30.6033273,76.4215988
833212,22.2205087,85.5869352
141117,30.6835578,75.911483
110080,28.4965582,77.23863089999999
140701,30.4121228,76.5372625
834002,23.3478733,85.30328109999999
141204,30.6932274,75.795284
136027,29.7755234,76.4100267
835101,23.3938939,85.6640365
141418,30.8177127,76.0565965
845428,26.5822315,85.0752926
831020,22.9001497,86.1090119
423701,19.9012787,74.7337069
845413,26.4587395,84.9088938
110067,28.543301,77.1682675
140407,30.6661237,76.37530459999999
833213,22.2443983,85.37562489999999
141118,30.7434188,75.841775
110081,28.7343765,77.0110492
140702,30.3062029,76.606611
834003,23.2951815,85.3291291
141205,30.6592546,75.7429636
136030,29.9464747,76.5257007
835102,23.3021652,85.78716630000001
141419,30.7137422,75.9811564
845429,26.526348,84.8255097
841301,25.7868011,84.7367799
423702,19.8539262,74.9910112
845414,26.5130565,85.116815
110068,28.4820119,77.2170762
140408,55.090053,38.7964376
833214,22.1391521,85.8895551
141119,30.62105529999999,75.9579358
832301,22.467507,86.72151749999999
110082,28.7762372,77.10016259999999
140802,30.7788842,76.37530459999999
834004,23.2509663,85.2411958
141206,30.77364009999999,75.911483
136033,29.927155,76.3405733
835103,23.3904354,85.5406209
141421,30.7863961,76.02758589999999
845430,26.5144665,85.1583064
832101,22.2777965,86.761749
423703,19.9851382,74.89749250000001
845415,26.5741543,84.8463673
110069,28.6096772,77.2279415
140412,30.7110003,76.4794435
833215,22.4448413,85.7461548
141120,30.8263314,75.9811564
832302,22.441627,86.6207943
110083,28.6925257,77.0884449
140901,30.8177598,76.745195
834005,23.3691335,85.22048509999999
141401,30.7114183,76.16678069999999
136034,30.0632002,76.3405733
835201,22.5867799,84.8984775
141422,30.8050596,75.63826569999999
845431,26.7766482,84.9193082
832102,22.6492573,86.317392
424001,20.9073125,74.78929509999999
110070,28.5124389,77.1370115
140413,30.7533623,76.5603828
833216,22.8730524,85.7461548
141121,30.9041328,76.2826675
832303,22.6546295,86.5602614
110084,28.7578821,77.199756
141001,30.9058885,75.8359645
834006,23.4910341,85.3239605
141411,30.7364088,76.29425069999999
835204,23.1793981,85.64348700000001
136035,29.9627394,76.247912
835202,23.2547966,84.981754
141801,30.8190126,76.3289941
845432,26.3881168,84.9088938
832103,22.5688982,86.4490926
424002,20.9858385,74.66346399999999
110071,28.5613397,77.00208769999999
140417,30.41403189999999,76.6643728
833217,22.1648723,85.50972259999999
141122,30.8236417,75.9056753
832304,22.6995994,86.438974
110085,28.7153451,77.1088008
141002,30.8871823,75.8446802
834008,23.4021019,85.3291291
141412,30.7589839,76.1377935
142002,55.4293651,37.73244510000001
136038,29.9239581,76.860565
835203,23.2276935,84.87763919999999
142001,30.8015468,75.1662121
845433,26.853978,84.7837717
832104,22.4363919,86.3782198
136042,29.8024633,76.5603828
110072,28.6837776,76.9709282
140501,30.4681308,76.860565
833218,22.3209285,85.56121
141123,30.8875739,75.9753516
832401,22.9775933,86.1141045
110086,28.70198469999999,77.0788689
141003,30.8721582,75.8359645
834009,23.3917521,85.3807886
141413,30.6762876,76.0507949
835205,23.5219391,85.1686743
142003,55.4133715,37.7542369
844504,25.6257432,85.3859519
142052,30.8765644,74.7571147
835206,23.0421266,84.3121264
142011,30.7872224,75.2362381
844505,25.7240822,85.50972259999999
142053,30.7629517,75.3178952
835207,23.0149828,84.5536678
142021,30.8846708,75.7811158
844506,25.616185,85.45818589999999
142054,30.840241,75.30623260000002
835208,23.2179183,84.5850997
142022,30.8507629,75.795284
844507,25.6532131,85.50972259999999
142055,30.5677591,75.2829046
835209,23.1867974,85.0856761
142023,30.8021366,75.5626039
844508,25.5216577,85.45818589999999
142056,30.6919253,75.1895576
835210,23.0773134,85.39627689999999
142024,30.8444549,75.5393155
844509,25.680352,85.4323991
142057,30.5686365,75.0961549
835211,22.7715206,84.7315563
142025,30.914506,75.5626039
845101,27.1700138,84.16461629999999
142058,30.9551837,75.329557
835212,22.5611108,84.14351359999999
142026,30.7717219,75.4927278
845103,27.1300155,84.3331694
142060,30.7882297,74.8624092
835213,23.5444693,84.76289129999999
142027,30.9080514,75.754592
845104,26.9806515,84.1224036
143001,31.6427636,74.8565613
835214,23.4807606,84.9921549
142028,30.9000935,75.0494329
845105,27.3764253,84.05902900000001
143002,31.6319333,74.83609179999999
835215,23.4048426,85.4220809
142029,30.79690879999999,75.76621949999999
845106,27.2689614,84.2910759
143003,31.638676,74.9150313
835216,22.8847195,85.31362179999999
142030,30.7068944,75.5160235
845107,27.4047021,83.9003022
143005,31.637656,74.82585619999999
835217,23.4636354,85.4014387
142031,30.6287919,75.42281899999999
845301,26.8827674,84.9297206
143006,31.6052458,74.9150313
835218,23.3269848,84.3121264
142032,30.6393835,75.5160235
845302,26.8266088,85.0025539
143008,31.6852776,74.88579890000001
835219,23.5306255,85.45818589999999
142033,30.91379569999999,75.45777749999999
845303,26.8195465,85.1375645
143009,31.5653862,74.8156199
136043,29.6738797,76.5257007
835220,22.8609483,84.56414699999999
142034,30.6791038,75.46942849999999
845304,26.7490181,85.1375645
841213,25.8613856,84.6792931
173210,30.8710389,77.04493269999999
841212,25.9905355,84.5064881
841233,26.1067636,84.4645184
173235,31.1721203,76.958545
841234,26.0314632,84.1962563
176059,32.137601,76.4505243
843117,26.3132796,85.4891138
175046,31.4084456,77.1255055
843311,26.4310796,85.4891138
175126,31.8846818,77.067959
177034,31.7342701,76.2826675
843328,26.3699021,85.4169211
176021,32.1963807,75.9753516
177109,31.81805629999999,76.0798006
136044,29.5781322,76.4794435
835221,23.1455806,85.2929384
142035,30.7286926,75.41116439999999
845305,26.955384,84.6688348
841214,25.8423521,84.64268059999999
173211,30.9111094,77.0506896
841311,25.8452739,84.88805930000001
174029,31.4156193,76.6528225
176084,31.9690702,76.4389549
841235,26.1475267,84.15406589999999
174001,31.3355166,76.745195
176060,32.08924830000001,76.41581289999999
843118,26.1405857,85.62292959999999
175047,31.5122759,77.2635038
177001,31.6673472,76.4910093
843312,26.3164705,85.5920787
175128,32.03121760000001,77.0794705
177038,31.733227,76.5314817
843329,26.4600992,85.2929384
176022,32.1391156,75.911483
177110,31.8281395,76.1203982
136117,29.649819,76.29425069999999
835222,23.4410302,85.2411958
142036,30.8311764,75.42281899999999
835302,23.4337504,84.6479124
841215,25.945397,85.0545197
173212,30.905647,77.10824439999999
841312,25.745694,84.7420032
174030,31.4233394,76.514138
176085,32.0620756,76.4736602
841236,26.1035212,84.3804888
174002,31.3335782,76.514138
176061,32.1191198,76.5372625
843119,26.0309682,85.50972259999999
175048,31.5378255,77.1830243
177005,31.7096132,76.5199195
843313,26.7075493,85.30328109999999
175129,32.0835001,77.04493269999999
177039,31.5839967,76.3926668
843330,26.800066,85.62292959999999
176023,32.1076636,76.02758589999999
177111,31.8847805,76.02758589999999
136118,30.0124711,76.83749949999999
835223,22.6621633,84.3121264
142037,30.6829265,75.30623260000002
835303,23.2722007,85.1583064
841216,25.76513,85.1323779
173213,30.943386,77.09098089999999
841313,25.8575217,84.5746243
174031,31.3632858,76.6354952
176086,32.0346661,76.37530459999999
841237,26.1717117,84.31738779999999
174003,31.4277512,76.76827750000001
176062,32.0931135,76.55460310000001
843120,26.1783138,84.9713512
175049,31.70164449999999,76.8144298
177006,31.62877439999999,76.3926668
843314,26.5151188,85.5406209
175130,32.0900763,77.2175223
177040,31.7058378,76.5892774
843331,26.6257903,85.6948458
176025,32.0402465,75.92309759999999
177112,31.8676366,76.07399989999999
136119,29.9655011,76.7105632
142038,30.7303788,75.03775019999999
835325,23.4163205,84.83593950000001
841217,25.8066131,85.1375645
173214,30.920407,77.142764
841316,25.8400745,84.7420032
174032,31.2528441,76.8144298
176087,32.0224533,76.5199195
841238,26.1144541,84.5117321
174004,31.3878593,76.7625073
176063,32.0373447,76.606611
843121,25.9875447,85.63320929999999
175050,31.8213255,76.675922
177007,31.7618141,76.4852265
843315,26.5077806,85.4942667
175131,32.3038146,77.1255055
177041,31.6548728,76.37530459999999
843332,26.7650037,85.44271529999999
176026,32.0786252,76.16678069999999
177113,31.8927342,76.1493891
136128,30.0014142,76.6181655
835225,22.9914171,85.7256372
142039,30.5883763,75.36453689999999
841101,25.6892551,85.1583064
841218,25.916779,84.9088938
173215,30.9869225,77.1312586
174033,31.3025907,76.860565
176088,31.9306342,76.6528225
841239,26.2172988,84.13295950000001
174005,31.2929932,76.76827750000001
176064,32.0707203,76.4505243
843122,26.1583277,85.0752926
175051,31.8635183,76.70479040000001
177020,31.629114,76.45864010000001
843316,26.4291206,85.4272402
175132,32.7478902,77.3324425
177042,31.7406421,76.3926668
843333,26.4705577,85.62292959999999
176027,32.0263311,76.097201
177114,31.9660695,76.2073525
136129,30.1070594,76.6528225
835226,22.4563309,84.54318669999999
142040,30.7225106,75.2595731
841201,25.9039038,84.5536678
841219,25.8753225,85.0752926
173217,30.9673939,77.2175223
841402,25.9010799,84.96614900000002
174034,31.3731607,76.675922
176089,31.8958596,76.6672602
841240,26.0694038,84.412014
174011,31.2407984,76.6990172
176065,32.0483812,76.4244916
843123,26.1261198,85.1686743
175052,31.7088733,76.8836261
177021,31.7244003,76.6585978
843317,26.7619043,85.5303235
175133,32.6406476,76.9412601
177043,31.7764408,76.2594981
843334,26.5905893,85.3239605
176028,31.9645986,76.1435915
177117,31.8683317,76.2826675
136130,30.1188944,76.76827750000001
835227,22.9465773,85.0025539
142041,30.8878442,75.329557
841202,25.8231338,84.9297206
841220,25.8045236,85.0752926
173218,31.0799942,76.8836261
841403,25.9800622,84.7002041
174035,31.3832917,76.6123884
176090,31.8846496,76.69324379999999
841241,26.1583528,84.42777029999999
174012,31.3938798,76.8201976
176066,32.0919761,75.8882508
843124,26.2054648,85.0752926
177022,31.79158799999999,76.606611
843318,26.3419146,85.6537627
175134,31.9726933,77.6077865
177044,31.7828777,76.3955603
176029,31.9773848,76.2594981
177118,31.7046285,76.4215988
136131,29.9888728,76.9412601
835228,22.6939382,84.54318669999999
142042,30.9766643,75.2245693
841203,25.9926153,84.406761
841221,25.797037,85.0285428
173220,30.8640187,76.9758274
841404,26.0413642,84.44877199999999
174036,31.4094152,76.83461609999999
176091,31.8797405,76.647047
841242,26.1225222,84.5693859
174013,31.3637863,76.854799
843125,26.2604183,84.9609464
175101,31.961527,77.10824439999999
177023,31.73068,76.6123884
843319,26.5576096,85.77691639999999
175136,32.1841067,77.2635038
177045,31.7667589,76.4273844
843360,26.3080076,85.3239605
176030,31.9256116,76.39845369999999
177119,31.7816845,76.4620928
136132,29.9980938,77.03341790000002
835229,22.938529,84.75244819999999
142043,30.95318,75.11951069999999
841204,26.0141057,84.5064881
841222,25.8488902,84.9921549
173221,31.0261974,77.0737149
841405,26.3994061,84.5746243
174101,31.0459605,76.6643728
176092,31.9666531,76.5199195
841243,26.3148592,84.21734029999999
174015,31.2385243,76.6239423
176071,31.9790425,76.6354952
843126,26.0054469,85.4478726
175102,31.9494128,77.04493269999999
177024,31.6447096,76.6990172
843320,26.5201489,85.7051116
175138,31.9959683,77.17152279999999
177048,31.714588,76.4620928
844101,25.6440634,85.22048509999999
176031,31.8957235,76.3289941
177201,31.6416738,76.0507949
835230,23.2013493,84.1224036
142044,31.0836964,74.9910112
841205,25.9290481,84.59557319999999
841223,25.9657682,84.47501369999999
173222,31.0427044,77.0420541
841406,26.1686129,84.7002041
174102,31.1006244,76.7567368
176093,31.9517504,76.4852265
841244,26.0867847,84.5589076
174017,31.3009206,76.6297189
176073,31.9070884,76.4852265
843127,26.2921697,85.3807886
175103,32.3431783,77.1830243
177025,31.6821598,76.6297189
843321,26.2833004,85.6640365
175139,32.7689575,76.8951551
177101,31.9053492,76.2131474
844102,25.6926462,85.26189869999999
176032,31.8337586,76.37530459999999
177202,31.7050788,76.06819899999999
136135,30.1204366,76.8951551
835231,23.4279296,84.4802606
142045,30.5821885,75.2128996
841206,26.0005553,84.6165146
841224,26.0453476,84.5536678
173223,30.8826465,77.1600201
841407,26.3531225,84.59557319999999
174103,30.8973367,76.860565
176094,31.94309029999999,76.5603828
841245,26.1866598,84.2489525
174021,31.4702174,76.745195
176075,31.8611617,76.4736602
843128,26.2615475,85.3446321
175104,32.2780587,77.3094674
177026,31.6144675,76.4313068
843322,26.6226538,85.5920787
175140,32.5394906,77.4701972
844103,25.7019822,85.20514670000001
176033,32.0005123,76.1406925
177203,31.6642247,76.1030007
136136,30.1892775,76.79135579999999
835232,22.9271269,84.41726659999999
142046,30.5349232,75.2420722
841207,25.7058417,84.9505398
841225,25.8009767,84.9713512
173225,31.0349471,76.8836261
841408,26.0979227,84.7002041
174201,31.418395,76.4678766
176095,31.91950169999999,76.6008334
841286,26.1323518,84.3647199
174023,31.5053528,76.6528225
176076,31.992702,76.606611
843129,26.2824151,85.26189869999999
175105,32.0346941,77.3324425
177027,31.7108376,76.557493
843323,26.461972,85.53547239999999
175141,31.8703245,77.3668965
177104,31.8607033,76.2131474
844111,25.9752247,85.2411958
176036,31.8063766,76.3289941
177204,31.7980865,76.0507949
136156,30.0843255,76.9873477
835233,23.1200389,84.5012435
142047,30.9885482,74.9442585
841208,25.9559685,84.5274616
841226,26.2021808,84.3436881
173229,30.818098,77.0794705
841409,26.2970004,84.6688348
174301,31.3535764,76.2826675
176096,31.9033809,76.55460310000001
841287,26.0794208,84.21734029999999
174024,31.3830217,76.71633589999999
176077,32.0459135,76.7394237
843130,26.2403226,85.23601889999999
175106,31.6570173,77.25201009999999
177028,31.8338428,76.583499
843324,26.7072271,85.6640365
175142,32.8675096,76.7798172
177105,31.9223497,76.1145993
844112,25.9333576,85.4066
176037,32.0270748,76.30583279999999
177205,31.6801529,76.04499299999999
140001,30.9688415,76.5199195
835234,23.064735,84.981754
142048,30.8201879,75.03775019999999
841209,25.8844435,84.5064881
841227,26.2719833,84.3226488
173230,31.2194893,76.98158769999999
841410,26.1746484,84.86721709999999
174302,31.5476889,76.2131474
176097,31.8996559,76.5199195
174026,31.4940141,76.70479040000001
176081,32.0819694,76.606611
175121,31.7768279,77.2175223
177029,31.6809883,76.5661622
843325,26.4984443,85.3859519
175143,32.1652178,77.0794705
177106,31.9319827,76.0507949
844113,25.8127085,85.3239605
176038,32.0691239,76.2826675
177206,31.755775,76.0217831
140101,30.788715,76.4678766
835235,22.5456092,84.375233
142049,30.6350206,74.9910112
841210,25.9674191,84.3647199
841231,26.1107523,84.26475219999999
173233,30.9697136,76.90668289999999
841411,26.0089076,84.8463673
174303,31.4880812,76.2826675
176098,32.1904776,76.0217831
841302,25.7943882,84.7837717
174027,31.3286418,76.4678766
176082,31.8648989,76.5083562
843301,26.5932025,85.496843
175124,31.6636138,76.9873477
177031,31.455788,76.39845369999999
843326,26.4100898,85.57150150000001
176001,32.113695,76.2826675
177107,31.8085433,76.1957618
844114,25.8592551,85.30328109999999
176039,31.4407098,76.5719414
177207,31.5202184,76.16678069999999
140102,30.8288892,76.4215988
835301,23.3755415,85.0441304
142050,30.8933344,74.89749250000001
841211,25.7501488,84.86721709999999
841232,26.2890806,84.4592701
173234,30.9935469,77.0852258
841412,25.9142606,84.6740642
174304,31.5360805,76.4939006
176101,32.0025454,76.4389549
841305,25.7898492,84.6583745
174028,31.5774881,76.6990172
176083,32.04227,76.49679189999999
843302,26.5703958,85.4272402
175125,31.911185,77.2175223
177033,31.7616766,76.3289941
843327,26.7008119,85.45818589999999
177108,31.8136364,76.24211849999999
844115,25.6723378,85.36529589999999
176040,31.5403798,76.5603828
177208,31.5797077,76.097201
180006,32.7178197,74.8770282
841413,26.2544881,84.79420909999999
174305,31.5080798,76.4678766
176102,32.0584111,76.5430429
841426,26.4168702,84.1224036
174320,31.6671799,76.2826675
176203,32.3573558,75.949227
841443,25.9602588,84.8046446
175007,31.5661429,76.75096599999999
176216,32.1805176,76.2826675
180007,32.7636115,74.86825689999999
841414,25.8651673,84.7837717
174306,31.44828739999999,76.3289941
176103,32.0497422,76.5661622
841427,26.4440747,84.5117321
174321,31.5404229,76.3521514
176204,32.2237655,75.825741
841446,26.1460799,84.26475219999999
175008,31.5906162,76.8778612
176217,32.2224898,76.2594981
180009,32.65953,74.8068454
841415,25.8487779,84.82029419999999
174307,31.6076004,76.3521514
176107,31.924421,76.4389549
841428,26.5130321,84.46976629999999
174405,31.597937,76.458097
176205,32.260804,76.0043731
841460,25.9196711,84.9921549
175009,31.3061083,77.1139984
176218,32.2990822,76.247912
175038,31.3943245,76.9873477
180010,32.6633683,74.8828754
841416,26.2088764,84.6740642
174308,31.5404502,76.40424039999999
176108,31.8146055,76.48233499999999
841434,26.2817051,84.5746243
174503,31.3708836,76.1841701
176206,32.1552931,76.1551866
841501,26.579473,84.3647199
175010,31.3282248,77.1657716
176219,32.2746467,76.3289941
180011,32.688772,74.9325683
841417,26.1131213,84.79420909999999
174309,31.4956021,76.5083562
176109,31.8785463,76.583499
841435,26.1676241,84.0695961
174505,31.6312678,76.5199195
176207,32.3280871,76.1088001
841502,26.5291031,84.2805478
175011,31.3774338,77.2635038
176225,32.2267294,76.097201
180012,32.7031898,74.8814136
841418,25.9571403,84.88284949999999
174310,31.2935856,76.5603828
176110,31.8040536,76.514138
841436,26.3434227,84.3436881
176208,32.1777735,76.2073525
841503,26.5778057,84.3226488
175012,31.8875395,76.9873477
176301,32.4945614,75.911483
180013,32.7842202,74.8565613
841419,25.9130905,84.8046446
174311,31.57651,76.5314817
176111,31.7866504,76.5603828
841437,26.3797889,84.6792931
175001,31.6962683,76.9239727
176209,32.1545894,76.3000419
841504,25.9998886,84.2910759
175013,32.0120682,76.8951551
176302,32.4065304,76.01598
180015,32.6923922,74.89456919999999
841420,26.3726756,84.490753
174312,31.5553896,76.4389549
176115,31.8611211,76.4215988
841438,26.3871398,84.25948609999999
175002,31.733457,76.958545
176210,32.1154423,76.097201
841505,26.5340989,84.406761
175014,31.8731251,76.8490328
176303,32.5610759,75.911483
181203,32.938822,74.4642861
180016,32.7259726,74.8536372
841421,26.0473612,84.7681121
174314,31.6048566,76.19865949999999
176125,32.3045224,76.91820969999999
841439,26.2110572,84.5746243
175003,31.7760517,76.8836261
176211,32.3463447,75.8766333
841506,26.1835214,84.46976629999999
175015,32.0023796,76.8028933
176304,32.5494446,76.0043731
181204,32.8918667,74.4408385
180017,32.7290156,74.9910112
841422,26.0500181,84.6792931
174315,31.3959623,76.3116235
176128,31.982736,76.6701475
841440,26.4270175,84.375233
175004,31.7179197,77.0794705
176213,32.16920340000001,76.2305308
841507,26.107003,84.6269824
175016,31.91809,76.745195
176305,32.5313158,75.9666439
181205,32.7657518,74.8185446
180018,32.7465724,74.8083078
841423,26.4082386,84.6531437
174316,31.572496,76.1841701
176200,32.3470816,75.9811564
841441,26.5596787,84.16461629999999
175005,31.7903985,77.0219019
176214,32.1308697,76.23632479999999
841508,26.4943499,84.0061661
175017,31.3972404,76.90668289999999
176306,32.5937811,76.0043731
181206,32.738558,74.7102958
180019,32.7578582,74.88872239999999
841424,26.0704261,84.9193082
174317,31.4860507,76.18706809999999
176201,32.2618256,75.78883189999999
841442,25.8937146,84.75766999999999
175006,31.6063746,76.9758274
176215,32.2140742,76.3347838
841509,25.9954434,84.3279093
175018,31.4746338,76.8951551
176308,32.6354685,75.9811564
181207,32.8025214,74.6049061
180020,32.67920429999999,74.8770282
841425,26.4585527,84.2805478
176202,32.299664,75.9056753
843106,26.2690156,85.03893509999999
175032,32.0050054,76.7221082
176320,32.7611914,76.01598
842001,26.1517238,85.4117608
175019,31.5381363,76.9124465
176309,32.3444103,76.6643728
181221,32.8498702,74.89749250000001
181101,32.630262,74.8156199
844116,25.8817112,85.4530295
176041,31.6125799,76.55460310000001
177209,31.4530262,76.16678069999999
843107,26.0847525,84.9921549
175033,31.5647727,76.79135579999999
176321,32.7872537,76.247912
842002,26.0921123,85.3911146
175021,31.6290354,76.9239727
176310,32.4959506,76.1203982
181224,32.8382324,75.07279559999999
181102,32.6407574,74.72200169999999
844117,25.8390296,85.2256635
176042,31.5814417,76.5777203
177210,31.7538065,76.1551866
843108,26.1604734,85.3450715
175034,31.5199202,76.79135579999999
176323,32.9753361,76.5488232
842003,26.138617,85.3704606
175023,31.612023,76.8144298
176311,32.4324439,76.247912
182101,32.8908181,75.14286320000001
181111,32.5803273,74.7688173
844118,25.9307229,85.3239605
176043,31.5856967,76.6441591
177211,31.6544864,76.16678069999999
843109,26.207679,85.3187914
175035,31.6275945,77.1830243
176324,32.32445670000001,76.4794435
842004,26.1797114,85.3969704
175024,31.6719773,76.745195
176312,32.6068505,76.1203982
182104,32.8999966,75.1049137
181121,32.7513798,74.83609179999999
844119,25.8086737,85.1997667
176044,31.6024522,76.6701475
177212,31.6999219,76.0217831
843110,25.8089402,85.58179109999999
175036,31.5695946,76.83749949999999
176325,32.6080395,75.9347113
842005,26.0978512,85.4002182
175025,31.7590987,76.7221082
176313,32.4633334,76.02758589999999
182121,32.960854,75.0844757
181122,32.8823791,74.8039205
844120,25.9913657,85.37562489999999
176045,31.6224111,76.647047
177213,31.7336548,76.07399989999999
843111,26.3004211,85.0960576
175037,31.7280704,76.69324379999999
842006,41.6309699,82.89394
175026,31.7741365,76.6528225
176314,32.5794686,76.07399989999999
182122,32.7739893,75.36453689999999
181123,32.8067212,74.8156199
844121,25.8551959,85.17904039999999
176047,32.120164,76.3926668
177219,31.5975242,76.2594981
843112,26.056535,85.0285428
176401,32.1081604,75.737149
843101,26.0404466,85.0752926
175027,31.5367012,76.9527836
176315,32.4926332,76.5950555
182124,32.8896503,75.2245693
181124,32.7554494,74.82439389999999
844122,25.8389434,85.4066
176048,31.6173145,76.70479040000001
177220,31.4132794,76.2131474
843113,26.0951845,85.30328109999999
175039,31.5346558,77.0967357
176402,32.1819927,75.70225669999999
843102,26.2177769,85.2670732
175028,31.5461868,77.04493269999999
176316,32.8952941,76.2247366
182125,33.0450022,75.14286320000001
181131,32.5140563,74.7688173
844123,25.9044401,85.2411958
176049,31.5452962,76.606611
177301,31.7033298,76.3579401
843114,25.8973231,85.57664659999999
175040,31.7887729,76.79135579999999
176403,32.2362139,75.6906241
843103,26.220281,85.5303235
175029,31.6158527,77.067959
176317,32.7296702,76.0798006
182126,32.801417,75.2245693
181132,32.6139391,74.8624092
844124,25.7128507,85.33946499999999
176051,32.2058509,75.911483
177401,31.6262437,76.5777203
843115,26.0577128,85.612648
175042,31.7069048,76.70479040000001
176501,31.8992935,75.9579358
843104,25.9390999,85.5920787
175030,31.44880479999999,76.8086617
176318,32.6151389,76.29425069999999
182127,32.7131079,75.2245693
181133,32.6225354,74.9325683
844125,25.7634879,85.26189869999999
176052,32.1659901,76.40424039999999
177501,31.6498695,76.5892774
843116,26.1165441,85.0597137
175045,58.0124957,30.4956246
176502,31.9464963,75.9811564
843105,25.9856756,85.57150150000001
175031,31.4788442,77.04493269999999
176319,32.6934982,76.2015572
182128,32.8981658,75.4810786
181141,32.5024183,74.9442585
844126,25.7700448,85.4684971
176053,32.1658707,76.3521514
177601,31.6870594,76.675922
210506,25.6602162,79.80726109999999
182141,32.983419,75.27123929999999
181143,32.6339282,75.0260667
844127,26.0364807,85.40819069999999
176054,31.9626869,76.3289941
180001,32.7384409,74.8653331
182142,33.0590975,75.2595731
181145,32.6757883,74.9617924
844128,25.9360568,85.1271907
176055,31.97025519999999,76.39845369999999
180002,32.7357929,74.82146929999999
182143,33.1595178,75.27123929999999
181152,32.7156424,74.9267229
844501,25.6780957,85.55091639999999
176056,32.0792629,76.37530459999999
180003,32.690686,74.7688173
182144,33.2820829,75.0143824
181201,32.9587802,74.7102958
844502,25.7091347,85.2912662
176057,32.2377381,76.39845369999999
180004,32.6974359,74.86825689999999
182145,33.350501,75.30623260000002
181202,32.8656314,74.5814773
844503,25.6419907,85.33946499999999
176058,32.1958792,76.5257007
180005,32.7473084,74.84778899999999
182146,33.4117631,75.17788530000001
182147,33.1886672,75.42281899999999
761140,19.9099732,84.61128
182205,33.3412388,75.6906241
761201,18.8211513,84.0907246
192121,34.0014616,74.90918529999999
201307,28.5875317,77.3841197
210504,25.5851004,80.0758425
761109,19.6245578,84.3962535
202122,28.000256,78.07660360000001
761123,19.7848831,84.59557319999999
202134,27.8718884,78.4638274
182148,33.2530653,75.3178952
761141,20.1101832,84.5589076
182206,33.4771633,75.632447
761206,18.9319731,83.8579053
192122,33.9506491,75.0260667
201309,28.6197948,77.3611549
210505,26.0003814,79.9864071
761110,19.6264166,84.6531437
202123,27.8311207,77.85959629999999
761124,19.8560886,84.59557319999999
202135,27.9278053,77.77953699999999
182161,32.98773,75.3995089
761143,19.9000096,84.87763919999999
182221,33.0438444,75.78365889999999
761207,18.9746965,84.0801613
192123,33.98026350000001,75.17788530000001
201310,28.4552521,77.5046101
761111,19.6218714,84.7002041
202124,27.7362995,77.96244349999999
761125,19.9253854,84.5327038
202136,28.0383632,77.9852853
182201,33.1543296,75.5975296
761144,19.4606487,84.6636049
182222,32.9889284,75.6906241
761208,18.8759224,83.9532571
192124,33.8312993,75.11951069999999
201311,28.5312769,77.5347129
210507,25.6659781,80.23213129999999
761114,19.689956,84.59557319999999
202125,27.905322,78.1792434
761126,19.9564995,84.5798623
202137,28.0453152,77.67651839999999
182202,33.2808408,75.55096019999999
761146,19.4852895,84.694977
182301,33.0317562,74.9442585
761209,19.1759651,84.4592701
192125,33.8340137,75.41116439999999
201312,28.4197675,77.52467949999999
211001,25.4640822,81.8169709
761115,19.6674773,84.63744840000001
202126,28.0694612,78.07660360000001
761131,20.132597,84.7106567
202138,27.9234225,77.85959629999999
182203,33.0652269,75.96954649999999
761151,19.7859655,84.2489525
182311,33.125459,74.9910112
761210,18.8014374,84.21734029999999
192126,34.0634689,75.50437610000002
201313,28.5398946,77.335314
211002,25.4782774,81.86068209999999
761116,19.6866704,84.6845216
202127,28.0332665,78.1906417
761132,20.0312404,84.5012435
202139,27.7165658,78.13363799999999
182204,33.44219820000001,75.9927652
761200,18.7680652,84.0960056
182313,33.201819,74.89749250000001
761211,18.8468149,84.15406589999999
192129,33.7753062,75.2420722
211003,25.4331064,81.84156159999999
761117,19.7527094,84.7106567
202128,27.8755986,78.2362225
761133,19.9120684,84.582481
202140,27.9315294,77.9510209
182315,33.43433470000001,74.8273184
192202,33.5905673,75.3878525
761213,18.9415185,84.15406589999999
761212,18.9339336,84.2910759
192201,33.7448467,75.30623260000002
204211,27.7331684,78.4638274
201315,28.4455953,77.5125205
211004,25.515378,81.8934484
761118,19.8129743,84.7420032
202129,27.9170858,78.3159411
204215,27.7360859,78.36146719999999
202141,28.0074848,77.76809519999999
182320,32.9494528,74.9910112
192211,33.6241452,75.2128996
761214,19.1167904,84.0801613
192401,33.8987336,75.2245693
203411,28.6057718,77.8938895
211005,25.4352273,81.8797976
761119,19.9529366,84.6583745
202130,27.9373592,78.41834659999999
204216,27.7086392,78.04236829999999
202142,28.0197488,77.9053182
184101,32.3793306,75.5131117
192212,33.479312,75.2829046
761215,18.8392148,84.2910759
193101,34.1781579,74.3352858
203412,28.6180591,78.0309542
201317,31.0103699,121.61047
211006,25.4466884,81.8743365
761120,19.9067015,84.7002041
202131,28.0172262,78.4069732
205001,27.2356401,79.0419053
202143,28.0751791,77.9453091
184102,32.338082,75.5160235
192221,33.5375562,75.1311874
203131,28.2041357,77.9053182
193103,34.2213709,74.41738769999999
204101,27.5488018,78.0651931
201318,28.6072095,77.4506093
211007,25.3817423,81.8169709
761121,19.9925786,84.79420909999999
202132,28.1183863,77.8481628
205119,27.1784501,78.9061921
202145,27.6925825,77.85959629999999
184104,32.4419484,75.55096019999999
192231,33.6573767,75.03775019999999
203132,28.2294564,77.80241699999999
204102,27.6386077,78.1678439
202001,27.9079413,78.07660360000001
211008,25.3953293,81.8497567
761122,19.738672,84.63744840000001
202133,27.9787392,78.49792479999999
205121,27.2176264,78.8156113
202146,27.6452023,77.8953181
184120,32.5619569,74.9793243
192232,33.74479710000001,75.03775019999999
203135,28.1249021,77.53901270000001
193109,34.1737512,74.4325232
202002,27.8432288,77.99670429999999
211010,25.3488723,81.86068209999999
205247,27.1498164,79.1322744
202150,27.7944684,78.09942099999999
207248,27.5175591,78.9401383
206241,26.705224,79.4028639
212108,25.1997501,81.614468
184121,32.613504,75.1311874
192233,33.5962732,74.89749250000001
203141,28.1876787,77.7223162
193121,34.1650634,74.5697617
204212,27.5895701,78.2703951
202121,27.7870895,78.2817834
211011,25.4672073,81.7677645
205261,27.0819502,78.8609122
202155,28.0996755,77.76809519999999
193411,33.9416583,74.5228916
207249,27.5140791,79.0419053
206242,26.8096994,79.24511489999999
212109,25.6204487,81.986206
184141,32.5362645,75.2245693
192301,33.8925152,74.90918529999999
203150,28.360946,77.9852853
193122,34.1535323,74.1474846
204213,27.5619791,77.9510209
206001,26.7797354,79.0079949
211012,25.4053231,81.71305219999999
205263,27.3140846,78.8609122
202165,28.0369755,77.58486649999999
193501,34.2952577,74.5697617
207250,27.3765886,79.2112769
206243,26.8084871,79.53786339999999
212111,25.3061741,81.8333656
184142,32.487896,75.2829046
192302,33.7593643,74.8039205
203155,28.1458529,77.6421577
193123,34.0914749,74.006509
204214,27.6098327,78.37284559999999
206002,26.8477528,78.9853813
211013,25.542655,81.8552196
205264,27.0426807,78.95145099999999
202170,27.7244245,78.2248291
193502,34.3931233,74.8273184
207301,27.4660559,78.4524591
206244,26.6720133,79.582819
212201,25.5338364,81.49379929999999
184143,32.4753571,75.45777749999999
192303,33.6778764,74.8507131
203201,28.354998,77.53901270000001
212208,25.4560732,81.6747295
203209,28.2316454,77.57340479999999
193301,34.258764,74.2883536
208009,26.472036,80.2572225
206125,26.5414233,79.08710049999999
203206,28.4742226,77.64788519999999
193224,34.5552932,74.07701
208007,26.405174,80.3909164
203207,28.5535243,77.57340479999999
193225,34.4252839,73.9124674
208008,26.3692442,80.42152460000001
203205,28.4763292,77.7337628
193223,34.5182945,74.4525627
206122,26.4788416,79.4928857
184202,32.5705799,75.6091696
203389,28.1873967,78.37284559999999
193302,34.3485178,74.2707509
208010,26.4292992,80.402048
206126,26.7777536,79.1322744
207124,27.8939304,78.5887951
212305,25.2521439,82.1387233
212503,25.6553084,81.7677645
194109,34.3597201,76.3637285
203390,28.3244546,78.2248291
203392,28.2283051,78.1792434
